주제분류,문화시설명,주소,위도,경도
기타,경희대학교,서울특별시 동대문구 경희대로 26,37.59508001,127.0493018
공연장,우란2경,서울특별시 성동구 연무장7길 11,37.5437895,127.0544189
도서관,구립은평뉴타운도서관,서울특별시 은평구 진관2로 111-51,37.6372304,126.9331183
문화예술회관,노원문화예술회관,서울특별시 노원구 중계로 181,37.65023586,127.0802693
미술관,서울시립미술관 SeMA창고,서울특별시 은평구 통일로 684,37.60933472,126.9343404
공연장,동숭무대,서울특별시 종로구 혜화로 35,37.58868966,126.9991712
박물관/기념관,한국미술박물관,서울  종로구,37.5808916,126.9890575
기타,금천예술공장,서울시 금천구 범안로15길 57,37.46891512,126.891913
도서관,송파도서관,서울  송파구 오금동 51 ),37.4999933,127.1348396
박물관/기념관,세종대왕기념관,서울  동대문구 청량리동 1-157 ),37.5908164,127.0435894
문화예술회관,북촌 서울무형문화재 교육전시장,종로구 북촌로 20-13,37.5769527,126.9911313
문화원,독일문화원,서울  용산구 후암동 339-1 ),37.550772,126.9828149
문화원,영국문화원,서울  종로구 신문로1가 226 ),37.5696296,126.9721884
도서관,고척도서관,서울  구로구 고척동  고척로45길 31,37.5053516,126.8532545
기타,양천구민체육센터,서울  양천구 신정동 322-10 ),37.5165626,126.8644841
문화예술회관,강북 문화예술회관,서울  강북구,37.6408544,127.0133421
박물관/기념관,용산도시기억전시관,용산구,37.52686633,126.9668797
기타,광진교 8번가,서울특별시 강동구 천호2동 527-2 광진교 8번가,37.54514626,127.1126879
박물관/기념관,서울생활사박물관,서울특별시 노원구 동일로 174길 27 서울생활사박물관,37.61895101,127.0767836
박물관/기념관,공평도시유적전시관,서울특별시 종로구 우정국로 26,37.57149666,126.983659
미술관,김영옥 미술관,서울특별시 종로구 창의문로10길 11,37.59387811,126.9642539
기타,양천문화재단,서울특별시 양천구 목동동로 81,37.51597606,126.8638545
박물관/기념관,국립한글박물관,서울  용산구 용산동6가 412-6,37.52124302,126.9808598
도서관,반포도서관,서울특별시 서초구 고무래로 34,37.50248861,127.0125127
공연장,강동아트센터,서울  강동구 상일동 (동남로) 870,37.551449,127.157598
공연장,세종문화회관,서울 종로구 세종대로 175,37.5726241,126.9760053
도서관,영등포평생학습관,서울  영등포구 당산동 121-22 ),37.526074,126.907352
도서관,도봉도서관,서울  도봉구 쌍문동 422-163 ),37.652815,127.012963
기타,강북구청,서울  강북구 수유동 192-59 ),37.639748,127.025482
기타,구로구청,서울  구로구 구로동 ),37.495472,126.887536
기타,노들섬 복합문화공간,서울특별시 용산구 양녕로 445,37.51766383,126.9580365
도서관,문래정보문화도서관,서울  영등포구 문래동3가  문래로20길 49,37.5169513,126.8908871
도서관,구로구립꿈나무어린이도서관,서울  구로구 구로동로26길 54 2층,37.4895362,126.88638
공연장,양천구 해누리타운 아트홀,서울시 양천구 목동동로 85 2충,37.51583,126.863811
공연장,방송회관 코바코홀,서울시 양천구 목동동로 233 2층,37.526966,126.871368
기타,중구평생학습센터,서울특별시 중구 예관동 120-1,37.563755,126.997541
미술관,삼성미술관 리움,서울특별시 용산구 이태원로55길 60-16,37.53846091,126.999294
공연장,반포심산아트홀,서울  서초구 반포동   114-3,37.49883446,126.9912425
기타,행화탕,서울  마포구 아현동  613-11,37.55269913,126.9555019
미술관,갤러리 인,서울  종로구 팔판동 141 ),37.5816953,126.9804329
미술관,한미사진미술관,서울  송파구 방이동 45 ),37.5166295,127.1141094
도서관,고덕평생학습관,서울  강동구 고덕동 296 ),37.5561464,127.1579849
기타,동대문구민체육센터,서울  동대문구 장안동 ),37.5665701,127.0734247
도서관,관악문화관도서관,서울  관악구 신림동 209-1 ),37.4677179,126.9445375
문화예술회관,송파구체육문화회관,서울  송파구 거여동 289 ),37.4906482,127.1427868
공연장,정동극장,서울  중구 정동 8-11 길 43 (정동),37.5658626,126.9728014
도서관,국립어린이청소년 도서관,서울  강남구 역삼동   테헤란로7길 21,37.5009712,127.0296909
공연장,종로구민회관,서울  종로구 창신동 222-8 ),37.5734077,127.0143152
도서관,증산정보도서관,서울  은평구 증산동  증산로5길 6,37.582727,126.9075589
기타,양천구청,서울  양천구 신정동 321-4 ),37.517016,126.866642
공연장,신월문화체육센터,서울  양천구 신월동  지양로 37,37.5198479,126.8350363
기타,강서구시설관리공단,서울  강서구 화곡동 1103-6 ),37.5530024,126.8484762
문화예술회관,동대문문화회관,서울  동대문구 답십리동 ),37.5717914,127.0637934
박물관/기념관,한성백제박물관,서울 송파구 위례성대로 71,37.515505,127.121175
박물관/기념관,한국분재박물관,서울  서초구,37.4534995,127.0756066
공연장,한국문화예술위원회,서울  구로구 구로동 26-1  ),35.020762,126.781934
미술관,가람화랑,서울  종로구 관훈동 30-10 ),37.574275,126.985575
미술관,간송미술관,서울  성북구 성북동  성북로 102-11,37.5936596,126.996905
기타,예지원,서울  중구 장충동2가 201-6  5-19,37.5517333,127.0024
도서관,송중문화정보센터,서울  강북구 미아동 138-11 ),37.6183421,127.030033
문화원,롯데월드 아이스링크,서울  송파구,37.511268,127.0986991
문화예술회관,어린이회관,서울  광진구 능동 18-11,37.5469995,127.0781746
문화원,한국스카이다이빙협회,서울  송파구 잠실동 175-12 ),37.5114649,127.0805072
기타,온조대왕문화체육관,서울  강동구 고덕동 296 ),37.5567379,127.1574722
기타,용산문화체육센터,서울  용산구 문배동 19-2 ),37.5373623,126.9676924
기타,서울연극센터,서울 종로구 창경궁로 253-1 2층,37.5833444,127.0013025
도서관,성동구립도서관,서울  성동구 행당동 142-4 ),37.5592667,127.0349875
기타,동대문구민회관,서울  동대문구 장안동 354-5 ),37.5672385,127.0733795
도서관,종로도서관,서울  종로구 사직동 1-28 ),37.5764744,126.9664576
문화예술회관,마포아트센터,서울특별시 마포구 대흥로20길 28,37.54990609,126.9455338
미술관,국립현대미술관,서울  중구 정동  세종대로 99 덕수궁미술관,37.5658456,126.9737396
문화원,강북청소년문화정보도서관,서울  강북구 미아동   (삼양로54길 68),37.6231131,127.0216031
미술관,국립현대미술관 서울관,서울  종로구 삼청로 30,37.579482,126.980363
문화원,종로문화원,서울  종로구 사간동 122-4,37.5761054,126.9803283
도서관,어린이도서관,서울  종로구 사직동  사직로9길 7,37.5765345,126.9678698
도서관,자양4동도서관,서울  광진구 자양동 ),37.5340938,127.066226
기타,동대문구청,서울  동대문구 용두동 39-9 ),37.574524,127.03965
공연장,LG아트센터,서울  강남구 역삼동  논현로 508,37.5021909,127.0377378
기타,올림픽기념국민생활관,서울  종로구 혜화동  성균관로 91,37.5904911,126.9988244
도서관,광진정보도서관,서울  광진구 광장동 112 ),37.5507093,127.1103315
공연장,창무예술원- 드 포스트,서울  마포구 창전동 5-9 ),37.5542772,126.9305347
공연장,전통연희상설극장 광화문아트홀,서울  종로구 사직동 284-1  광화문아트홀,37.57426,126.9624155
공연장,문화정원아트홀,서울  금천구 독산동 296-9,37.4717842,126.8936703
기타,시민청,서울  중구 세종대로110 B1 B2,37.566635,126.978675
공연장,블루스퀘어(Blue Square),서울  용산구 한남동 727-56,37.54070257,127.0026477
기타,동작구청,서울  동작구 노량진동 47-2 ),37.51245,126.9395
기타,강남문화재단,서울특별시 강남구 선릉로 668 5층,37.51631968,127.0423148
기타,서울풍물시장 전통문화체험관,서울특별시 동대문구 천호대로4길 21,37.57271319,127.0255029
도서관,한국사회과학도서관,서울  종로구 사직동 304-28 ),37.573532,126.96442
미술관,서울시립미술관 경희궁분관,서울  종로구 신문로2가 2-1 ),37.5700833,126.9687074
문화원,무계원,서울  종로구 부암동 315-3    (창의문로 5가길 2),37.5918679,126.9634368
공연장,우리금융아트홀,서울  송파구,37.5168685,127.1250335
도서관,동작도서관,서울  동작구 노량진동 310-150 ),37.5059908,126.9401667
도서관,서대문도서관,서울  서대문구 연희동 1-116 ),37.5834154,126.9408496
공연장,민속극장풍류,서울  강남구 삼성동 112-2  ),37.50991,127.044364
공연장,한국의 집 민속극장,서울  중구 필동2가 80-2 ),37.5603974,126.9946116
기타,강남스포츠문화센터,서울  강남구 수서동 718 ),37.4891013,127.10525
기타,대진체육관,서울  강남구 개포동 13-1 ),37.496068,127.0787594
문화원,영등포문화원,서울  영등포구,37.5152408,126.9108259
도서관,동작구 통합도서관,서울  동작구 대방동 49-6 ),37.5127667,126.93395
문화예술회관,금나래아트홀도서관,서울  금천구 시흥동 1020 ),37.4565795,126.8957384
기타,흑석체육센터,서울  동작구 흑석동  현충로 73,37.5099926,126.9633745
문화예술회관,사당문화회관,서울  동작구 사당동 248-6 ),37.4846843,126.9695831
박물관/기념관,건국대학교 박물관,서울  광진구 화양동 1 ),37.5423736,127.0755788
공연장,서초구민체육센터,서울  서초구 반포동 114-3 ),37.498792,126.9905045
기타,송파구청,서울  송파구 신천동 29-5 ),37.514516,127.106244
도서관,송파구립거마도서정보센터,서울  송파구,37.4935731,127.1468821
공연장,서초문화예술회관 (구 서초구민회관),서울특별시 서초구 강남대로 201,37.48170939,127.0358612
박물관/기념관,연세대학교 김대중도서관,마포구,37.5569718,126.9296033
도서관,남산도서관,서울  용산구 후암동  남산공원길 3,37.5530786,126.981334
기타,국립국어원 우리말 꿈터,서울  강서구 방화동 827,37.57904996,126.8138119
미술관,학고재,서울  종로구 소격동 70 ),37.580376,126.9802633
기타,남산골한옥마을,서울시 중구 퇴계로 34길 28,37.5591447,126.9936826
공연장,코엑스 오디토리움,서울  강남구 삼성동 159 ),37.5125518,127.0587767
박물관/기념관,국립고궁박물관,서울  종로구 세종로 1-57  ),37.5766678,126.9749224
공연장,떡? 부엌살림 박물관,서울  종로구 와룡동 164-2 ),37.574973,126.990676
기타,신림(다목적)체육센터,서울  관악구 신림동  난곡로64가길 19,37.4800959,126.9160174
문화원,관악문화원,서울  관악구 신림동 209-1 ),37.4678198,126.9447491
기타,강남구민체육관,서울  강남구 개포동 1271 ),37.477132,127.0518293
도서관,강동구립해공도서관,서울  강동구 천호동 360 ),37.5439721,127.1255997
기타,은평구평생학습관,서울  은평구 역촌동 14-34,37.6078004,126.9211898
박물관/기념관,허준박물관,서울  강서구 가양동 26-5  허준박물관,37.5680241,126.8509755
공연장,서울강서문화원,서울  강서구 화곡동 우장산동 111-90,37.54472042,126.8437696
도서관,아리향기작은도서관,서울  강서구 염창동 53-1  2층 아리향기작은도서관,37.55373624,126.8709853
공연장,세실아트홀,서울  강남구 신사동 616-7,37.52815277,127.0318444
도서관,도봉기적의도서관,서울  도봉구 도봉동 652-2  마들로797,37.6812003,127.0502366
문화예술회관,개포디지털혁신파크 열림관,서울  강남구 개포동 153-153  개포디지털혁신파크 열림관,37.4882029,127.0629127
기타,해공체육문화센터,서울  강동구 천호동 399-1 ),37.5421167,127.129725
도서관,은평구립도서관,서울  은평구 불광동 59-32 ),37.6190451,126.9283998
문화원,프랑스문화원,서울  중구 봉래동1가 10 ),37.5595936,126.9737305
미술관,노화랑,서울  종로구 관훈동 103 ),37.5748997,126.9839998
기타,마포구시설관리공단(아트센터),서울  마포구 대흥동   대흥로20길 28,37.5499041,126.9455277
기타,구로구민체육센터,서울  구로구 고척동 ),37.5066167,126.8533046
문화예술회관,구로아트밸리예술극장,서울  구로구 구로동 101 ),37.4966724,126.888881
기타,금천구청,서울  금천구 시흥동 ),37.4570784,126.8957012
기타,금천구시설관리공단,서울  금천구 시흥동 985-26 ),37.445777,126.902654
문화원,금천문화원,서울  금천구,37.4463856,126.9044675
기타,관악구민종합체육센터,서울  관악구,37.4730143,126.9601883
기타,강남구청,서울  강남구 삼성동 16-1 ),37.517305,127.047502
문화원,목동아이스링크,서울  양천구 목동  안양천로 939,37.530796,126.879267
도서관,개포도서관,서울  강남구 개포동  선릉로4길 30,37.4829604,127.063769
박물관/기념관,은평역사한옥박물관,서울 은평구 연서로50길 8,37.64040095,126.9380555
기타,금빛휘트니스센터,서울  금천구 시흥동  금하로 668,37.4528929,126.90425
미술관,로댕갤러리,서울  중구,37.5614574,126.9751773
미술관,문예진흥원 아르코미술관,서울  종로구 동숭동 1-130 ),37.5805409,127.0032407
문화원,잠실종합운동장,서울  송파구 잠실동 10 ),37.5148022,127.0736261
미술관,소호 아트 갤러리,서울  종로구 필운동 90-1  소호빌리지),37.5778578,126.9692651
문화원,도봉문화원,서울  도봉구 창동 303 ),37.654047,127.03833
기타,서울타워,서울  용산구 용산동2가 1-3      ),37.5512294,126.9882659
박물관/기념관,윤동주문학관,서울특별시 종로구 창의문로 119,37.59209694,126.9670686
기타,서서울예술교육센터,서울특별시 양천구 남부순환로64길 2,37.52822005,126.8321457
기타,우이신설 문화예술철도 화계역,서울 강북구 수유동 472-691,37.63401649,127.0174817
공연장,CGV 명동,서울  중구 명동2가  명동길 14 눈스퀘어 8층,37.5633303,126.9826431
공연장,남산예술센터드라마센터(구 동랑예술센터),서울  중구 예장동 8-19 ),37.5586795,126.9882338
공연장,KBS홀,서울  영등포구 여의도동  여의공원로 13,37.5259171,126.9152678
기타,강동구청,서울  강동구 성내동 540    ),37.530126,127.1237708
도서관,강동구립성내도서관,서울  강동구 성내동 385 ),37.5328592,127.1333198
도서관,아리랑정보도서관,서울  성북구 돈암동  아리랑로 82,37.5998987,127.013975
도서관,노원정보도서관,서울  노원구 상계동 686 ),37.661111,127.0650744
공연장,서울애니시네마,서울  중구 예장동 8-145 ),37.5588,126.9877125
도서관,LG상남도서관,서울  종로구 원서동  창덕궁 1길 18,37.5797353,126.98848
도서관,강서도서관,서울  강서구 등촌동 520-6 ),37.5478818,126.8599269
박물관/기념관,한상수자수박물관,서울  종로구 가회동 11-32 ),37.5827892,126.9856418
기타,녹사평 용산공원 플랫폼,서울특별시 용산구 녹사평대로 지하 195,37.53483142,126.9870285
기타,우이신설 문화예술철도 정릉역,서울특별시 성북구 아리랑로 122,37.60264137,127.0135057
기타,우이신설 문화예술철도 솔샘역,서울 강북구 미아동 1353-20,37.62026324,127.0130376
기타,서울식물원,서울시 강서구 마곡동로 161,37.56936909,126.8352343
기타,내곡느티나무쉼터,서울특별시 서초구 염곡말길 9,37.46182487,127.0506972
기타,서초여성가족플라자,서울특별시 서초구 잠원로8길 38,37.51354938,127.0121073
문화예술회관,강동구민회관,서울  강동구 천호동 41 ),37.5458583,127.1411875
공연장,도봉구민회관,서울  도봉구 창동 303 ),37.6541068,127.0384528
도서관,월계문화정보도서관,서울  노원구 월계동  월계로 319,37.6286376,127.0561463
문화예술회관,성북여성회관,서울  성북구 돈암동 606-258   ),37.59582164,127.0079853
기타,재미랑,서울  중구 남산동2가,37.55825685,126.986215
미술관,코엑스전시장,서울  강남구 삼성동 159-1 ),37.5103947,127.0611127
미술관,한국공예문화진흥원,서울  종로구 관훈동 182-2 ),37.5740425,126.9841581
도서관,용산도서관,서울특별시 용산구 두텁바위로 160,37.55200667,126.9801413
미술관,세컨드에비뉴 갤러리,서울특별시 중구 필동로8길 22,37.55513289,126.9949117
박물관/기념관,목인박물관,서울  종로구 견지동 83 ),37.5739569,126.9836694
기타,이문체육문화센터,서울  동대문구 이문동 189  ),37.6022699,127.068762
도서관,대림정보문화도서관,서울  영등포구 대림동   도신로27길 9,37.5042667,126.89605
문화예술회관,광화문아트홀,서울  종로구 인왕산로1길 21,37.5746022,126.964713
미술관,애니살롱(재미랑5호),서울  중구 남산동2가 26-5  3층,37.55813432,126.9862829
미술관,유리지공예관,서울  서초구 우면동,37.45768681,127.0126137
공연장,상명아트센터,서울  종로구 홍지동 7-1,37.60295238,126.9563156
기타,신도림예술공간 고리,서울  구로구 구로동 3-33,37.5079891,126.8909248
기타,뚝섬전망문화콤플렉스,서울  광진구 자양동 97-5,37.53052501,127.0650304
기타,동대문구체육관,서울  동대문구 답십리동 2-294 ),37.5724191,127.0639379
공연장,중랑문화체육관,서울  중랑구 면목동 ),37.5792934,127.0957856
기타,개운산스포츠센터,서울  성북구,37.5967823,127.0261534
기타,운현궁,서울  종로구 삼일대로 464,37.576125,126.98705
문화원,창동스포츠문화컴플렉스,서울  도봉구,37.6582937,127.0508618
문화원,양천문화원,서울  양천구 신정동 ),37.5165593,126.863274
도서관,강북솔샘문화정보센터,서울  강북구 미아동 1354-4 ),37.6205185,127.0124524
공연장,강서구 문화관광,서울  강서구 화곡동 980-16 ),37.550937,126.849642
미술관,스튜디오 콘크리트,서울특별시 용산구 한남대로 162,37.54245051,127.0025165
도서관,구립반포도서관,서울특별시 서초구 고무래로 34,37.50248861,127.0125127
기타,서울남부여성발전센터,서울특별시 금천구 독산로50길 23,37.46355751,126.9064706
기타,중구청소년수련관,서울특별시 중구 동호로5길 19,37.5518563,127.0125662
기타,중구여성플라자,서울특별시 중구 다산로32길 5 3층,37.56127687,127.0148314
공연장,강북문화예술회관,서울  강북구 수유동 360-10  ),37.6408544,127.0133421
문화예술회관,관악문화관,서울  관악구 신림동 151-858  ),37.4679596,126.94475
문화예술회관,용산아트홀,서울  용산구 이태원동 ),37.532831,126.9896162
공연장,서울숲공원 야외공연장,서울  성동구 성수동1가 685-306  ),37.543684,127.040912
문화예술회관,영등포아트홀,서울  영등포구 당산동3가 ),37.5262451,126.9001286
문화예술회관,강남구민회관,서울  강남구 대치동 509-2    ),37.4938226,127.0642688
도서관,수유문화정보센터,서울  강북구 수유동 605-412 ),37.630129,127.017543
도서관,국회도서관,서울  영등포구 여의도동   의사당대로 1,37.5312547,126.9171584
미술관,겸재정선미술관,서울  강서구 가양동 243-1,37.57223185,126.8387099
기타,영등포구청,서울  영등포구 당산동3가 385-1 ),37.526436,126.896004
기타,중랑구민체육센터,서울  중랑구,37.6151321,127.0874625
도서관,성북정보도서관,서울  성북구 상월곡동 24-348 ),37.6048486,127.0504258
기타,강북웰빙스포츠센터,서울  강북구 번동 318 ),37.6304749,127.0378273
미술관,갤러리 라메르,서울  종로구 인사동 194 5길 26 홍익빌딩 (관훈동),37.5725264,126.9849468
미술관,갤러리 상,서울  종로구 인사동 159 길 17 (인사동),37.5723081,126.9865397
박물관/기념관,돈의문박물관마을,서울특별시 종로구 송월길 14-3,37.56882395,126.9685231
기타,금천마을활력소 어울샘,서울특별시 금천구 탑골로 22,37.45180869,126.9116478
도서관,서초구립반포도서관,서울특별시 서초구 고무래로 34,37.50248707,127.0125134
미술관,셀린박 갤러리,서울특별시 강남구 압구정로32길 30,37.52579008,127.029757
기타,우이신설 문화예술철도 솔밭공원역,서울 강북구 우이동 57-28,37.65663596,127.0133839
도서관,배봉산 숲속 도서관,서울특별시 동대문구 전농로16길 97,37.57844311,127.0627351
미술관,진산갤러리,서울특별시 마포구 양화로3길 63,37.55175527,126.9108264
기타,문화공간 이육사,서울특별시 성북구 종암로21가길 36-1,37.59813809,127.0326016
미술관,갤러리 가이아,서울  종로구 관훈동 145           ),37.5750777,126.9834808
문화예술회관,서대문문화회관,서울  서대문구 홍은동 26-155  ),37.58075,126.9314625
박물관/기념관,종이나라박물관,서울  중구 장충동1가 62-35,37.5596237,127.0039674
공연장,연강홀,서울  종로구 연지동 270 ),37.5717079,127.0011948
도서관,금천구립정보도서관,서울  금천구,37.4734953,126.8921364
공연장,명동난타극장,서울  중구 명동길 26,37.563411,126.9837813
박물관/기념관,한국천주교순교자박물관,서울  마포구 합정동 96-1  절두산순교성지,37.5441363,126.9117967
박물관/기념관,김치박물관,서울  강남구 삼성동 159 ),37.5129437,127.0571142
공연장,한전아트센터,서울  서초구,37.4857035,127.0279457
기타,우이신설 문화예술철도 가오리역,서울 강북구 수유동 338-47,37.64162713,127.0167878
도서관,서초구립양재도서관,서울특별시 서초구 양재천로 33,37.47367918,127.0335724
미술관,kp 갤러리 (korea photographers gallery),서울특별시 용산구 소월로2나길 12,37.55332954,126.9773128
박물관/기념관,용산공원 갤러리,서울시 용산구 한강로1가 1-1,37.53880107,126.9724638
문화예술회관,아트온더무브,서울특별시 영등포구 양산로 지하 200,37.52273452,126.9049592
기타,세빛섬,서울특별시 서초구 올림픽대로 2085-14,37.51210831,126.9955435
기타,문학의집서울,서울특별시 중구 퇴계로26길 65,37.55808417,126.9892391
박물관/기념관,황학정 국궁전시관,서울특별시 종로구 사직로9길 15-32,37.57791908,126.9639457
도서관,강동구립암사도서관,서울  강동구 암사동 471-37 ),37.5528446,127.1333498
도서관,도봉어린이문화정보센터,서울  도봉구 창동 ),37.6590571,127.049575
공연장,광진구민체육센터,서울  광진구,37.5459907,127.106919
도서관,도봉문화정보센터,서울  도봉구 창동 418 ),37.6446038,127.043887
박물관/기념관,서대문자연사박물관,서울  서대문구,37.5765663,126.9376126
박물관/기념관,경기여고 경운박물관,서울  강남구 개포동 152 ),37.4878684,127.0660782
기타,우이신설문화예술철도 보문역,서울시 성북구 보문2동 91-7,37.58496514,127.0195324
기타,중랑구체육회,서울특별시 중랑구 동일로 619,37.5857545,127.0794754
기타,SETEC전시장(서울무역전시장),서울특별시 강남구 남부순환로 3104,37.4956774,127.0719118
공연장,세종대학교 대양홀,서울  광진구 군자동 98 ),37.5486916,127.0744875
미술관,국제갤러리,서울  종로구 소격동 59-1 ),37.5807006,126.9804771
미술관,김영섭사진화랑,서울  종로구 관훈동 169-2,37.57435,126.984188
기타,평화문화진지,서울특별시 도봉구 마들로 932,37.69080863,127.0472154
기타,은평구청소년문화의집 신나는애프터센터,서울특별시 은평구 연서로6길 7,37.6043735,126.9166272
미술관,디뮤지엄,서울특별시 용산구 독서당로29길 5-6,37.53695027,127.0115182
공연장,허리우드 스카이쇼 (낙원상가),서울특별시 종로구 삼일대로 428,37.57276307,126.9879012
공연장,프로젝트박스 시야,서울시 용산구 장문로 60 행복나눔재단,37.52634418,126.9961083
공연장,용산 동자아트홀,서울특별시 용산구 한강대로 372,37.55167727,126.9729212
미술관,아웃사이트(out_sight),서울특별시 종로구 창경궁로35가길 12 GF,37.58725869,127.0013681
문화원,이마트은평점,서울특별시 은평구 은평로 111,37.60035755,126.920192
공연장,롯데콘서트홀,송파구,37.51310107,127.1034317
공연장,용산꿈나무종합타운,용산구,37.5386613,126.965508
공연장,연세대학교,서울특별시 서대문구 연세로 50,37.56515088,126.9392769
기타,서교예술실험센터,서울특별시 마포구 잔다리로6길 33,37.55246841,126.9209402
기타,서울시립청소년미디어센터,서울  용산구 갈월동 101-5,37.54098414,126.9726083
미술관,가나아트스페이스,서울  종로구 관훈동 188-0 ),37.574983,126.983913
미술관,갤러리 도올,서울  종로구 팔판동 27-6 ),37.583204,126.981671
미술관,아트선재센터,서울  종로구 소격동 144-2 ),37.579475,126.9818375
박물관/기념관,조세박물관,서울  종로구 수송동 104 ),36.485435,127.2606287
기타,창신소통공작소,서울특별시 종로구 창신6가길 47,37.57620484,127.0123937
기타,북촌문화센터,서울특별시 종로구 계동길 37,37.57908788,126.9862745
공연장,문화일보홀,서울  중구 충정로1가 68 ),37.5671515,126.9685599
기타,강서지역정보센터,서울  강서구 등촌동 705-4 ),37.5589789,126.847881
기타,노원구청,서울  노원구 상계동 701-1 ),37.654358,127.056473
도서관,노원어린이도서관,서울  노원구 중계동 356 ),37.6582022,127.0766623
기타,동대문구청 아트갤러리,서울  동대문구 용두동 39-9 ),37.574524,127.03965
문화예술회관,리틀엔젤스예술회관,서울  광진구 능동 로36길 25 (능동),37.5502335,127.0873013
도서관,강서구립도서관,서울  강서구,37.5478818,126.8599269
공연장,손기정문화체육센터,서울  중구 만리동2가    손기정로 101,37.5555802,126.9649505
기타,성북문화재단,서울특별시 성북구 아리랑로12길 4,37.59915583,127.0147745
공연장,국립극단 소극장 판,서울특별시 용산구 청파로 373,37.55314654,126.9682807
기타,용산구 갈월종합사회복지관,서울특별시 용산구 두텁바위로 25,37.54577435,126.9748244
공연장,광림아트센터 장천홀,서울특별시 강남구 압구정로22길 21,37.52424476,127.0267842
도서관,서초구립내곡도서관,서울특별시 서초구 청계산로7길 9-20,37.45200217,127.0544427
도서관,내를 건너서 숲으로 도서관,서울시 은평구 증산로 17길 50 내를건너서숲으로도서관,37.591913,126.908152
박물관/기념관,한양도성박물관,서울특별시 종로구 율곡로 283,37.57285709,127.0085126
미술관,아트아치,서울특별시 마포구 독막로9길 34,37.54971873,126.920523
기타,중랑구민회관,서울  중랑구,37.5738058,127.0850044
박물관/기념관,체신기념관,서울  종로구 견지동 39-7 ),37.57445,126.982625
박물관/기념관,평강성서유물박물관,서울  구로구 오류동 150-15 ),37.491955,126.844083
미술관,포스코미술관,서울  강남구 대치동 892  ),37.5057694,127.0558879
공연장,프리머스 신림,서울  관악구 신림동 151-890  1422-41,37.4846492,126.9298115
기타,떼아뜨르 秋,서울  마포구 서교동 358-116 ),37.5531351,126.9222205
공연장,팝콘D스퀘어,서울특별시 용산구 한강대로23길 55,37.5297736,126.9647427
미술관,필갤러리(Fill Gallery),서울특별시 용산구 유엔빌리지길 24,37.53358429,127.0097798
공연장,서울남산국악당,서울  중구 필동2가 84-1,37.55842868,126.9937073
공연장,동자아트홀,서울특별시 용산구 한강대로 372 센트레빌 아스테리움 서울KDB생명타워 지하2층,37.55167727,126.9729212
도서관,구로구립개봉도서관,서울특별시 구로구 개봉로16길 30-11,37.48899216,126.8588934
공연장,용산 일신홀,서울특별시 용산구 한남대로 98,37.53716695,127.005517
공연장,용산 더줌아트센터,서울특별시 용산구 독서당로 111,37.53612169,127.0073091
공연장,구로 꿈나무극장,서울특별시 구로구 구로동로26길 54 4층(구로동),37.48956474,126.8864738
도서관,서울도서관,서울특별시 중구 세종대로 110,37.56631742,126.9778292
기타,과거와 현재 도시와 도시를 이어주는 복합문화공간 &quot;용산공예관&quot;,서울특별시 용산구 이태원로 274,37.53902726,127.0020755
기타,서울특별시여성능력개발원,서울특별시 마포구 마포대로 89,37.54323634,126.9497819
기타,밝은미소센터,일원로121 일원역338-3호(23번출입구 방향),37.4837501,127.0851154
공연장,명동예술극장,서울특별시 중구 명동길 35,37.56397613,126.9842173
도서관,금천구립가산도서관,서울특별시 금천구 가산로5길 43,37.47349155,126.8921298
미술관,가나아트센터,서울  종로구 평창동  평창30길 28,37.6121853,126.9750798
공연장,유니버설아트센터,서울  광진구,37.5508142,127.0880112
공연장,KT&G 상상아트홀,서울  강남구 대치동  영동대로 416 코스모타워 3층,37.5069075,127.0650936
공연장,충정로난타극장,서울  서대문구 충정로3가 476,37.5602665,126.9622394
공연장,KT체임버홀,서울시 양천구 목동서로 201,37.52945987,126.8711177
기타,상촌재,서울특별시 종로구 자하문로17길 12-11,37.5818557,126.9696776
도서관,구로구립 글마루한옥어린이도서관,서울특별시 구로구 고척로27바길 7,37.50691506,126.8456366
기타,우리은행 본점,서울특별시 중구 소공로 51,37.55943835,126.981751
기타,서울책보고,서울특별시 송파구 신천동 14,37.5223926,127.102983
기타,유담헌,서울특별시 종로구 북촌로 76,37.58357832,126.9853997
도서관,용산 백합어린이도서관,서울특별시 용산구 후암로15길 19-22,37.54871921,126.9768015
도서관,용산구 효창사랑 작은도서관,서울특별시 용산구 효창원로 160,37.54229693,126.9628313
도서관,금천구립독산도서관,서울특별시 금천구 독산로54길 114,37.46758019,126.9081059
도서관,강남구립대치도서관,서울특별시 강남구 삼성로 212,37.49961649,127.0659173
공연장,예빛섬,서울특별시 서초구 올림픽대로 683,37.51093698,126.994865
미술관,킵인터치 서울,서울특별시 종로구 북촌로1길 13,37.57731456,126.9849481
기타,서울생각마루,자양동 97-5,37.53100839,127.0642253
도서관,서울휴먼라이브러리,서울특별시 동대문구 서울시립대로 163 서울시립대학교,37.58388985,127.058782
미술관,동덕아트갤러리,서울  종로구 관훈동 151-4 ),37.5749033,126.9833114
미술관,동호갤러리,서울  종로구 관훈동 197-18 ),37.5731158,126.9852158
미술관,롯데월드 화랑,서울  송파구 잠실동 40-1 ),37.5112448,127.0979614
문화원,국기원,서울  강남구 역삼동 635 ),37.5019899,127.03031
미술관,토포하우스,서울  종로구 관훈동 184 ),37.574083,126.984313
미술관,쌈지스페이스,서울  마포구 창전동 5-129 ),37.5538858,126.9296571
공연장,아이들극장,서울특별시 종로구 성균관로 91,37.5904592,126.9987998
문화예술회관,아트하우스 모모,서울특별시 서대문구 이화여대길 52,37.56255994,126.9474554
공연장,폼텍웍스홀,서울특별시 마포구 잔다리로3길 34,37.55069678,126.9179183
박물관/기념관,서울함공원,서울특별시 마포구 마포나루길 407,37.55578815,126.8939516
도서관,청운문학도서관,서울특별시 종로구 자하문로36길 40,37.5903786,126.9659189
도서관,강남구립역삼도서관,서울특별시 강남구 역삼로7길 16,37.49537384,127.0332825
미술관,코리아나미술관,서울특별시 강남구 언주로 827,37.52406916,127.032811
공연장,여의도 물빛무대,서울특별시 영등포구 여의동로 330,37.53212463,126.9277953
박물관/기념관,서울하수도과학관,서울 성동구 용답동 250-7,37.5570865,127.0580683
기타,사각사각 플레이스,서울특별시 송파구 한가람로 65,37.51762763,127.0867365
도서관,강동구립천호도서관,서울특별시 강동구 성안로31마길 1,37.54052196,127.1340837
기타,용산구 남영동 자치회관,서울특별시 용산구 두텁바위로 25,37.54577435,126.9748244
기타,용산구 원효로1동 자치회관,서울특별시 용산구 백범로 350,37.53724193,126.9676267
기타,용산구 원효로2동 자치회관,서울특별시 용산구 효창원로8길 3,37.53435322,126.9515483
기타,용산구 효창동 자치회관,서울특별시 용산구 효창원로 161,37.54250925,126.96184
도서관,강남구립못골한옥어린이도서관,서울특별시 강남구 자곡로7길 3,37.47330498,127.0997276
공연장,홍익대 대학로 아트센터,서울특별시 종로구 대학로 57,37.57655858,127.00145
미술관,공갤러리,서울  종로구 인사동 23-2 2-2 (인사동),37.5727833,126.9865375
박물관/기념관,농업박물관,서울  중구 충정로1가 100-707 ),37.5668447,126.9683226
문화원,장충체육관,서울  중구 장충동2가 220-102,37.5581865,127.00679
박물관/기념관,동국대학교 박물관,서울  중구 필동3가 26,37.5582533,127.0023443
박물관/기념관,몽촌역사관,서울  송파구 방이동 88 ),37.5238852,127.1243709
미술관,갤러리 선앤문,서울  종로구 관훈동 30-9 ),37.5743508,126.9857422
미술관,갤러리 JJ,서울특별시 강남구 논현로 745,37.5183075,127.0283879
도서관,삼봉서랑(도서관),서울특별시 종로구 삼봉로 43,37.57319787,126.9788134
도서관,동대문구 답십리도서관,서울특별시 동대문구 서울시립대로4길 75,37.57319264,127.0503605
문화원,노원문화원,서울특별시 노원구 동일로197길 24,37.62879908,127.0698014
기타,이건하우스,서울특별시 마포구 동교로 161,37.55596344,126.9197052
기타,중랑평생학습관,서울특별시 중랑구 망우로67길 10,37.60056074,127.1014872
기타,간송미술문화재단,서울특별시 중구 을지로 281,37.56741128,127.010889
도서관,구로구립개봉어린이도서관,서울특별시 구로구 경인로 318-15 2 3층,37.49674308,126.855912
도서관,동대문구 정보화도서관,서울특별시 동대문구 회기로10길 60,37.58996951,127.0472897
미술관,OCI미술관,서울특별시 종로구 우정국로 45-14,37.57323951,126.9821283
박물관/기념관,쉼박물관,서울  종로구 홍지동 36-20 ),37.59949,126.955663
박물관/기념관,삼성출판박물관,서울  종로구 구기동 126-4 ),37.6086466,126.9570848
박물관/기념관,서울올림픽기념관,서울  송파구 방이동 88 ),37.5202976,127.1159236
박물관/기념관,이화여대박물관,서울  서대문구 대현동 11-1 ),37.5627451,126.9467751
박물관/기념관,한국금융사박물관,서울  중구 태평로1가 62-12 ),37.5686681,126.9764215
박물관/기념관,짚?풀 생활사박물관,서울  종로구 명륜2가 8-4 ),37.5849163,126.9997938
미술관,가나아트 한남,서울특별시 용산구 대사관로 35,37.53375046,127.0021497
미술관,성북구립 최만린미술관,서울특별시 성북구 솔샘로7길 23,37.61065934,127.0042902
공연장,아이러브아트센터,서울특별시 강남구 압구정로32길 30,37.52579008,127.029757
도서관,강남구립청담도서관,서울특별시 강남구 압구정로79길 26  청담동주민센터  7층,37.52509058,127.0492919
도서관,금천구립시흥도서관,서울특별시 금천구 금하로 764,37.44963195,126.9146119
기타,서울자유시민대학,1-1 서울자유시민대학,37.570787,126.966338
도서관,성동구립용답도서관,서울특별시 성동구 용답동 용답중앙3길 10,37.566684,127.051297
도서관,강남구립논현도서관,서울특별시 강남구 학동로43길 17,37.51727791,127.0371879
도서관,강남구립즐거운도서관,서울특별시 강남구 도곡로77길 23,37.49972884,127.0578474
기타,서울문화예술철도 영등포시장역(아트온더무브),서울특별시 영등포구 양산로 지하 200,37.52273452,126.9049592
박물관/기념관,금성당?샤머니즘박물관,서울특별시 은평구 진관2로 57-23,37.63513547,126.92538
기타,용산전통공예문화체험관,서울특별시 용산구 이태원로 274,37.53902672,127.0020774
기타,용산구립장애인복지관,서울특별시 용산구 효창원로93길 49,37.54730608,126.9615705
미술관,스페이스 신선(SPACE SHINSEON),서울특별시 용산구 이태원로 256,37.53736889,127.0012763
도서관,금천구립도서관,서울  금천구 독산동 375-2 ),37.4675724,126.9080685
도서관,동대문도서관,서울  동대문구 신설동 109-4 ),37.5735535,127.0247796
기타,서울로 7017,서울특별시 중구 만리동1가 1,37.55490866,126.9674335
기타,우이신설문화예술철도 신설동역,서울시 동대문구 신설동 132-30,37.57640144,127.0231391
기타,우이신설문화예술철도 북한산우이역,서울시 강북구 우이동 16-20,37.66243653,127.0128976
공연장,오유아트홀,서울특별시 강남구 남부순환로378길 34-9,37.48369956,127.0464155
공연장,대원 컨텐츠 라이브,서울특별시 용산구 한강대로23길 55,37.5297736,126.9647427
도서관,아름꿈도서관,서울특별시 종로구 종로58가길 19(숭인동),37.57269758,127.0171158
미술관,갤러리 비선재,서울특별시 용산구 유엔빌리지3길 54-14,37.53576425,127.0142787
기타,용산구 한강로동 자치회관,서울특별시 용산구 한강대로30길 21,37.52743913,126.9679658
공연장,용산용암어린이도서관,서울특별시 용산구 신흥로3가길 21-7,37.54101876,126.9846929
공연장,강남구립행복한도서관,서울특별시 강남구 영동대로65길 24,37.50230604,127.0641871
도서관,강남구립역삼푸른솔도서관,서울특별시 강남구 테헤란로8길 36,37.49649864,127.03203
박물관/기념관,가회민화박물관,서울특별시 종로구 북촌로 52,37.58150962,126.985228
도서관,강남구립못골도서관,서울특별시 강남구 자곡로 116,37.47153801,127.0965826
기타,숭인제1동 자치회관,서울시 종로구 종로65길 10,37.57519472,127.0197653
미술관,서리풀청년아트갤러리,서울특별시 서초구 남부순환로323길 1 에술의전당 앞 지하보도,37.48113823,127.013504
기타,서울시농수산식품공사 가락몰 쿠킹스튜디오,서울특별시 송파구 양재대로 932,37.49507692,127.11557
공연장,신촌문화발전소,서울특별시 서대문구 연세로2나길 57,37.55796117,126.9397535
기타,현대카드 스토리지,서울특별시 용산구 이태원로 248,37.53681028,127.0008644
도서관,용산구립청파도서관,서울특별시 용산구 청파로93길 27,37.55392482,126.9676059
기타,SETEC전시장,서울  강남구 대치동 514,37.49578919,127.0717943
미술관,동서화랑,서울  종로구 관훈동 196-3 ),37.574325,126.9846
박물관/기념관,부엉이 박물관,서울  종로구 삼청동 27-21 ),37.587076,126.9829594
미술관,LG 사이언스홀,서울  영등포구 여의도동 20   LG트윈타워 서관 3층,37.5277895,126.9286274
공연장,국립극단 백성희장민호극장,서울특별시 용산구 청파로 373,37.55314654,126.9682807
도서관,월곡꿈그림도서관,서울특별시 성북구 화랑로13길 17 월곡꿈그림도서관,37.6041693,127.0420713
박물관/기념관,한양대학교 박물관,서울특별시 성동구 왕십리로 222,37.55504164,127.0447032
도서관,우리소리도서관,서울특별시 종로구 삼일대로30길 47,37.57448239,126.9902329
공연장,예스24 라이브홀,서울  광진구 광장동 319-33,37.5457348,127.1080529
미술관,사비나미술관,서울특별시 은평구 진관1로 93,37.63012839,126.9292775
미술관,박영덕화랑,서울  강남구 청담동 81-10 ),37.525766,127.044952
미술관,삼성미술관 Leeum,서울  용산구 한남동 747-18 ),37.5380703,126.9993406
공연장,동방예술극장,서울  마포구 노고산동 33-22 ),37.5545135,126.9384617
박물관/기념관,전쟁기념관,서울  용산구 용산동1가 8 ),37.5368975,126.9768849
박물관/기념관,한국자수박물관,서울  강남구 논현동 89-4  ),37.5154348,127.03333
공연장,대학로문화공간,서울  종로구 동숭동 1-75 ),37.5822968,127.0036504
박물관/기념관,덕성여자대학교 박물관,서울  도봉구 쌍문동 419 ),37.6529783,127.0164423
박물관/기념관,도산안창호 기념관,서울  강남구 신사동 649-9 ),37.5239978,127.0356302
기타,국립박물관문화재단,서울특별시 용산구 서빙고로 137,37.52470233,126.9777412
도서관,용산 고래이야기 작은도서관,서울특별시 용산구 효창원로 157,37.54194337,126.9616909
미술관,종로구립 박노수미술관,서울특별시 종로구 옥인1길 34,37.58131848,126.9668197
공연장,수색동 주민센터(다목적실),서울특별시 은평구 은평터널로 27,37.58416548,126.897566
공연장,청년허브 다목적홀,서울특별시 은평구 통일로 684,37.60940534,126.9349554
기타,중랑마을지원센터,망우로 55길 19 2층,37.59894587,127.0931053
미술관,서울시립미술관,서울  중구 서소문동 덕수궁길 61,37.5642066,126.9737733
박물관/기념관,경찰박물관,서울  종로구 신문로2가 58 ),37.5690096,126.9696222
박물관/기념관,국립민속박물관,서울  종로구 세종로 1-1 ),37.5815645,126.9789313
미술관,남산전시관,서울  용산구 이태원동 258-148,37.5414922,126.9970933
박물관/기념관,한국가구박물관,서울  성북구 성북동 330-577 ),37.5999625,126.9930505
박물관/기념관,한국은행 화폐금융박물관,서울  중구 남대문로3가 110 ),37.5620607,126.9805213
기타,노원구민체육센터,서울  노원구 중계동 507-3 ),37.6481321,127.070725
박물관/기념관,코리아나 화장박물관,강남구 언주로 827,37.52450168,127.0326936
공연장,롯데월드 시네마,서울  송파구 잠실동 40-1 ),37.5112448,127.0979614
공연장,롯데월드 야외공연장,서울  송파구 잠실동 47 ),37.5112448,127.0979614
기타,종로문화재단 윤동주문학관,서울특별시 종로구 창의문로 119(청운동),37.5920259,126.9669236
도서관,구로구립 온누리도서관,구로중앙로27나길 9 (구로동 443번지) 온누리관 4층,37.49689123,126.8859561
도서관,세곡도서관,서울 강남구 밤고개로 286 세곡문화센터 2층 세곡도서관,37.46857738,127.106938
박물관/기념관,한국천주교순교자박물관,서울특별시 마포구 토정로 6,37.5441367,126.9117924
기타,장안평 자동차산업 종합정보센터,서울특별시 성동구 자동차시장1길 64,37.56032313,127.0645175
기타,관악청소년회관,서울특별시 관악구 신림로23길 17,37.47024426,126.9352434
기타,관악구청,서울특별시 관악구 관악로 145,37.47820977,126.9515032
문화원,서초문화원,서울특별시 서초구 강남대로 201 서초문화예술회관 2층 서초문화원,37.4818291,127.0359583
박물관/기념관,수림아트센터,홍릉로 118 (청량리동),37.59071497,127.0428393
박물관/기념관,안중근의사기념관,서울  중구 남대문로5가 471 ),37.5534654,126.9803691
박물관/기념관,서울교육사료관,서울  종로구 화동 2 ),37.579777,126.9832525
공연장,건국대학교 새천년대공연장,서울  광진구 화양동 1 ),37.543118,127.0773358
도서관,양천도서관,서울  양천구 목동 905 서로 113 (목동),37.5336544,126.8759573
문화원,몽골문화원,서울  광진구 광장동 388-8 ),37.5470862,127.1011097
미술관,디지털 파빌리온,서울  마포구 상암동 1605 ),37.5797267,126.8909381
박물관/기념관,서울역사박물관,서울  종로구 새문안로 55,37.5701434,126.9704375
기타,서울창작공간,서울  동대문구 용두동 255-67 ),37.571509,127.0337136
문화원,구립마포청소년문화의집,서울  마포구 상암동 1688 ),37.5804167,126.884
기타,용산 꿈나무 종합타운,서울특별시 용산구 백범로 329,37.53890263,126.9650145
기타,메이커시티 세운,서울특별시 종로구 종로3가 143-1,37.5702408,126.9950782
문화예술회관,서울생활문화센터 서교,서울특별시 마포구 양화로 72 효성해링턴타워 지하1층-지하2층,37.55080217,126.9167159
기타,한강공원,서울특별시 성동구 강변북로 257,37.53893287,127.0417291
문화원,마포문화원,서울특별시 마포구 백범로 227,37.54222951,126.95549
공연장,정효아트센터 음악당,서울특별시 서초구 사임당로18길 52-2,37.48754894,127.0196246
기타,서울시립과학관,서울특별시 노원구 한글비석로 160,37.64199411,127.0774371
미술관,구슬모아당구장,서울특별시 용산구 독서당로 85,37.53465828,127.0098071
박물관/기념관,서울한방진흥센터 서울약령시한의약박물관,서울특별시 동대문구 약령중앙로 26,37.58059996,127.0375862
기타,스페이스 신선,서울특별시 용산구 이태원로 256,37.53736889,127.0012763
기타,갤러리BK,서울특별시 용산구 이태원로42길 56,37.53695804,127.0012944
도서관,구산동도서관마을,서울특별시 은평구 연서로13길 29-23,37.60951019,126.9130879
미술관,국립현대미술관 덕수궁관,서울시 중구 세종대로 99(정동) 덕수궁 내,37.56616914,126.9739845
공연장,신도림 오페라하우스,서울시 구로구 구로동 3-39,37.5079891,126.8909248
미술관,갤러리 현대,서울  종로구 사간동 122 ),37.576675,126.979825
박물관/기념관,서강대학교 박물관,서울  마포구 신수동 1-1 ),37.5519033,126.9430526
공연장,롯데시네마 노원,서울  노원구 상계동 713 ),37.6551726,127.060997
공연장,단성사,서울  종로구 묘동 56 ),37.5711571,126.9926518
공연장,상봉시네마,서울  중랑구 상봉동 92-2 ),37.5967167,127.0890973
박물관/기념관,전기박물관,서울  서초구 서초동 1355 ),37.4861503,127.0276478
공연장,빈집프로젝트,서울특별시 금천구 독산로96길 6,37.47491177,126.9038834
기타,청춘삘딩,서울특별시 금천구 시흥대로138길 10-11,37.47216527,126.8992836
박물관/기념관,서울암사동유적,서울특별시 강동구 올림픽로 875,37.55985381,127.1308316
기타,언더스탠드에비뉴,서울  성동구 성수동1가 685-704,37.54360657,127.0436418
공연장,JCC 아트센터,서울  종로구 혜화동  창경궁로35길 29,37.58746789,127.0022644
기타,서울역사편찬원,서울  송파구 방이동  88-3,37.521846,127.1242086
기타,문화비축기지,서울  마포구 성산동 661  증산로 87,37.57034561,126.8950312
도서관,강남구립도곡정보문화도서관,서울특별시 강남구 도곡로18길 57,37.48831184,127.0388787
도서관,구립응암정보도서관,서울특별시 은평구 가좌로7길 15,37.58596656,126.9196821
박물관/기념관,신문박물관,서울  종로구 세종로 139,37.5698125,126.9776744
박물관/기념관,태권도기념관,서울  강남구 역삼동 635 ),37.5019899,127.03031
미술관,갤러리 세줄,서울  종로구 평창동 464-13 ),37.6134132,126.9751579
공연장,서울 아트 시네마,서울  종로구 낙원동  삼일대로 428,37.5698574,126.9918633
공연장,서울극장,서울  종로구 관수동  돈화문로 13,37.5697448,126.9918078
공연장,부암아트홀,서울  종로구 부암동 208-71 ),37.5958212,126.9641028
공연장,세실극장,서울  중구 정동 3-7,37.5667574,126.9757243
공연장,해바라기 소극장,서울특별시 종로구 동숭길 76 지하1층,37.58164381,127.0043746
문화예술회관,장지공방,서울특별시 송파구 충민로 10 가든파이브 툴관 3층 E30,37.47861741,127.1191082
미술관,갤러리 조은,서울특별시 용산구 유엔빌리지길 28,37.53338608,127.0096531
미술관,예술의 기쁨,서울특별시 용산구 효창원로70길 35,37.54201614,126.9638815
미술관,용산 아트스페이스 루,서울특별시 용산구 한강대로44길 5,37.53115191,126.970494
기타,삼각산시민청,서울특별시 강북구 삼양로 595,37.65615487,127.0130914
기타,삼청각,서울  성북구 성북동 330-115 ),37.5971248,126.9842404
공연장,영산양재홀,서울  서초구 양재동 20-4 ),37.4805096,127.0383644
공연장,밀알학교 세라믹 팔레스홀,서울  강남구 일원동 713 ),37.4858171,127.0824692
박물관/기념관,가톨릭대학교 전례박물관,서울  종로구 혜화동 90-1 ),37.5850448,127.004623
기타,충무로영상센터 오!재미동,서울특별시 중구 퇴계로 199,37.56117313,126.99411
기타,구의아리수문화재,서울특별시 광진구 광나루로 571 구의아리수정수센터,37.54421954,127.0929693
기타,옹기테마공원 체험장,서울특별시 중랑구 신내로21길 116,37.61264804,127.088524
기타,연희문학창작촌,서울 서대문구 증가로2길 6-7,37.57167312,126.9309538
기타,서울로미디어캔버스,서울특별시 중구 만리재로 215,37.55659104,126.9682176
박물관/기념관,성북선잠박물관,서울특별시 성북구 성북로 96,37.59321623,126.9982393
공연장,경향아트힐 2층 썬앤문 전용관,서울특별시 중구 정동길 3,37.5680003,126.9697239
기타,조계사,서울특별시 종로구 우정국로 55,37.57389395,126.9818833
기타,시립용산노인종합복지관,서울특별시 용산구 독서당로11길 16,37.53133562,127.0064624
도서관,상림마을작은도서관,서울특별시 은평구 진관4로 48-25,37.64421599,126.9289424
기타,우이신설 문화예술철도 북한산보국문역,서울 성북구 정릉동 286-19,37.61149071,127.0087059
미술관,두산갤러리,서울특별시 종로구 종로33길 15,37.57181233,127.0010001
도서관,마포구립서강도서관,서울  마포구 창전동 145-15,37.5477397,126.9320894
박물관/기념관,경희대학교 자연사박물관,서울  동대문구 회기동 130-701 ),37.5977812,127.0552077
박물관/기념관,경희대학교 중앙박물관,서울  동대문구 회기동      경희대로6길 7-13,37.5969969,127.0527938
박물관/기념관,관문사 성보박물관,서울  서초구 우면동  바우뫼로7길 111 관문사,37.473701,127.022231
박물관/기념관,동덕여자대학교 박물관,서울  성북구 하월곡동 23-1,37.6055004,127.0418169
기타,신당창작아케이드,서울 중구 마장로 87,37.5673552,127.0195172
문화원,이스라엘문화원,서울  서초구 서초동 137-603  서초타운트라팰리스),37.4956514,127.0269941
문화원,이탈리아 문화원,서울  용산구 한남동 714 ),37.5370506,127.0055871
문화원,일본공보문화원,서울  종로구 운니동 114-8,37.5768328,126.9866725
문화원,중국문화원,서울  종로구 내자동 200 ),37.5745917,126.9713625
미술관,경인미술관,서울  종로구 관훈동 30-1 ),37.5743957,126.9855213
공연장,고양아람누리,경기도 고양시 일산동구 중앙로 1286,37.66148641,126.7744561
공연장,동대문 디자인 플라자,서울특별시 중구 을지로 281,37.56681313,127.0096257
공연장,CKL 스테이지,서울특별시 중구 청계천로 40,37.56852759,126.9816265
도서관,구로구립 하늘도서관,서울특별시 구로구 구로동로13길 68,37.48737567,126.8813483
도서관,구로구립궁동어린이도서관,서울특별시 구로구 오리로 1352,37.50221091,126.8292614
기타,문래예술공장,서울 영등포구 경인로88길 5-4,37.51322307,126.9001378
공연장,안양아트센터,경기도 안양시 만안구 문예로36번길 16,37.38451585,126.9316181
공연장,성남아트센터,경기도 성남시 분당구 성남대로 808,37.40295613,127.1305583
기타,공릉청소년문화정보센터,서울특별시 노원구 노원로1나길 10,37.6215862,127.0830657
문화원,반포잠원교육지원센터,서울특별시 서초구 사평대로 273 B1,37.50509422,127.0133771
공연장,서울악스,서울  광진구,37.5457356,127.1079896
공연장,성암아트홀,서울  강남구 논현동 268-16,37.5110475,127.0429711
공연장,샘터 파랑새 극장,서울  종로구 동숭동 1-115 ),37.5815588,127.0023112
미술관,서울아트센터,서울  종로구 공평동  우정국로2길 32,37.5694595,126.9847764
미술관,관훈갤러리,서울  종로구 관훈동 195 ),37.5738697,126.9842614
미술관,금호미술관,서울  종로구 사간동 78 ),37.5775115,126.9798243
미술관,단성갤러리,서울  종로구 관훈동 27-5 ),37.5738854,126.9852786
도서관,정독도서관,서울  종로구 화동  북촌로5길 48,37.5810398,126.9829524
공연장,롯데월드 마술극장,서울  송파구 잠실동 40-1 ),37.5112448,127.0979614
공연장,국립중앙박물관 극장 용,서울  용산구 용산동6가 168-6 ),37.5240754,126.9787824
박물관/기념관,숙명여자대학교 박물관,서울  용산구 청파동2가 52 ),37.5448733,126.9641095
박물관/기념관,이화여고 100주년기념관,서울  중구,37.5662346,126.9706692
공연장,예술극장 <나무와 물>,서울  종로구 명륜2가 8-1 ),37.5848997,127.0003713
미술관,토탈미술관,서울  종로구 평창동 465-2 ),37.6121236,126.9756892
공연장,대학로 열린 극장,서울  종로구 명륜2가 21-18 ),37.5836265,127.0004798
문화예술회관,양천문화회관,서울  양천구 신정동 322 ),37.5164888,126.8631233
도서관,강남도서관,서울  강남구 삼성동 28  ),37.5137356,127.0469916
도서관,강동도서관,서울  강동구 길동 362 ),37.5385252,127.1437561
도서관,강북문화정보센터,서울  강북구 번동 27-108 ),37.6251737,127.036125
미술관,어반아트,서울  강남구 신사동 545-11 ),37.5207027,127.0230798
미술관,예맥,서울  종로구 소격동 87-1 ),37.5800043,126.9809602
공연장,김동수플레이하우스,서울  종로구 연건동 178-1 ),37.5765,127.0025375
공연장,까망소극장,서울  종로구 동숭동 1-89 ),37.5812208,127.0040346
미술관,갤러리미즈,서울  종로구 관훈동 37 ),37.5740205,126.9851335
도서관,법원도서관,서울  서초구 서초동    서초대로 219,37.4924291,127.0052084
도서관,한국점자도서관,서울  강동구 암사동 510-23 ),37.5507149,127.1248451
미술관,갤러리 아트사이드,서울  종로구 관훈동 170 ),37.5742388,126.9843332
미술관,대안공간 풀,서울  종로구 구기동 56-13 ),37.6064279,126.9592138
박물관/기념관,혜곡최순우 기념관,서울  성북구 성북동 126-20 ),37.5929433,127.0003701
박물관/기념관,화정박물관,서울  종로구 평창동   평창8길 3,37.6046985,126.9659264
미술관,일민미술관,서울  종로구 세종로 139,37.5697905,126.9776751
기타,노원청소년수련관,서울  노원구 상계동 772 ),37.6403878,127.0597454
공연장,동숭아트센터,서울  종로구 동숭동 1-5 ),37.5837289,127.0036762
미술관,불교미술관,서울  종로구 견지동 38-2 ),37.5741333,126.9827462
박물관/기념관,이화여자대학교 자연사박물관,서울  서대문구 대현동 11-1,37.5605838,126.9481395
공연장,서울시립대학교 박물관,서울  동대문구 회기동 90,37.5831425,127.0568383
도서관,노원평생학습관,서울  노원구 중계동 508 ),37.6393958,127.0677482
미술관,롯데화랑(본점),서울  중구 소공동 1 ),37.5653936,126.9808087
문화예술회관,서울교육문화회관,서울  서초구,37.4660597,127.0335948
공연장,유시어터,서울  강남구,37.5222551,127.0411515
공연장,청아소극장(구 리듬공간소극장),서울  종로구 혜화동 195 ),37.5839997,127.0027142
공연장,노원어린이극장,서울특별시 노원구 노해로 502 지하1층,37.65445005,127.0636923
공연장,영산아트홀,서울  영등포구 여의도동 12 ),37.529556,126.9250467
미술관,소마미술관,서울  송파구 방이동  올림픽로 424,37.5168777,127.1182342
공연장,서울예술치유허브,서울  성북구 종암동 28-358,37.59238153,127.0370033
박물관/기념관,세종대학교 박물관,서울  광진구 군자동 98 ),37.5514972,127.0752374
공연장,강동어린이회관아이누리홀,서울  강동구 성내동 556-1 ),37.529163,127.122469
박물관/기념관,초전섬유 퀼트박물관,서울  중구 남산동1가 20 ),37.5580718,126.984193
문화원,이스탄불 문화원,서울  강남구 역삼동 629-6 ),37.4994311,127.0358578
박물관/기념관,지구촌 민속박물관,서울  중구 회현동1가 100-177 ),37.5545569,126.9814096
미술관,동산방화랑,서울  종로구 견지동 93 ),37.572942,126.98335
공연장,예술의 전당,서울  서초구 서초동 700 ),37.4785361,127.0107423
공연장,극단연우무대,서울  종로구 혜화동  창경궁로35길 21 다림빌딩 지하 연우 소극장,37.586966,127.0017811
공연장,글로브극장,서울  종로구 연건동  대학로 60 동마루빌딩 4층,37.5765,127.0025375
미술관,인사아트센터,서울  종로구 관훈동 188 ),37.5740008,126.9846706
미술관,조선일보미술관,서울  중구 태평로1가 61-28 ),37.5679682,126.9751842
미술관,조형갤러리,서울  종로구 인사동 194-27 5길 29 태화빌딩 B1 (인사동),37.571933,126.984788
미술관,카이스갤러리,서울  강남구 청담동 99-5 ),37.5285429,127.0350311
공연장,백암아트홀,서울  강남구,37.5103944,127.066052
공연장,모시는 사람들,서울  종로구 혜화동 74-38 ),37.586634,127.0004776
공연장,브레이크 아웃 전용극장,서울  종로구 관철동  삼일대로 386 시네코아빌딩 9층,37.5689546,126.9880891
공연장,모차르트콘서트홀,서울  서초구 서초동 1515-3 ),37.4863962,127.004514
문화원,목동운동장,서울  양천구 목동 914  ),37.530093,126.8818961
문화원,서울월드컵경기장,서울  마포구 성산동 526-3 ),37.5682553,126.8972733
미술관,갤러리 룩스,서울  종로구 관훈동 185 ),37.581576,126.9678458
공연장,대한극장,서울  중구 충무로4가 125 ),37.5611944,126.9953324
도서관,이진아기념도서관,서울  서대문구 현저동 101 ),37.5730503,126.9555345
미술관,표갤러리,서울  용산구 이태원동 258-79 ),37.5413722,126.9961829
공연장,소극장아리랑,서울  종로구 동숭동 1-153 ),37.579995,127.0042515
공연장,아리랑 씨네센터,서울  성북구 돈암동 538-98 ),37.60034,127.013837
도서관,구로도서관,서울  구로구 구로동 106-1 ),37.4985419,126.8916742
미술관,덕원갤러리,서울  종로구 인사동 15  길 24 (인사동),37.5729412,126.9865174
공연장,도원극장,서울  은평구 녹번동 79-2 ),37.6020142,126.930327
미술관,덕수궁미술관,서울  중구 정동 5-1 ),37.5658456,126.9737396
기타,서울 애니메이션 센터,서울 중구 소공로 48,37.5585092,126.9879162
미술관,예화랑,서울  강남구 신사동 532-8 ),37.5228454,127.0222649
박물관/기념관,육군사관학교 박물관,서울  노원구 공릉동 77 ),37.6229208,127.1004547
미술관,pkm gallery,서울  종로구 화동  율곡로3길 74-9,37.5840972,126.9800724
기타,대학로연습실,서울 종로구 동숭길117 한석빌딩 1층,37.5831603,127.0034413
공연장,롯데월드 가든스테이지,서울  송파구 잠실동 40-1 ),37.5109341,127.0979626
공연장,국립국악원,서울  서초구 서초동  남부순환로 2364,37.4778469,127.0088804
공연장,국립중앙극장,서울  중구 장충동2가 14-67 ),37.5526708,126.9996175
박물관/기념관,국립서울과학관,서울  종로구 와룡동 110-360 ),37.5820426,126.9971614
박물관/기념관,서울닭문화관,서울  종로구 가회동 12 ),37.5826498,126.985267
박물관/기념관,서울대학교 치과대학 치의학 박물관,서울  종로구 연건동 110-749 ),37.5768763,126.9997812
공연장,금호아트홀,서울  종로구 신문로1가  새문안로 75 금호아시아나 1관 3층,37.5704344,126.9728844
공연장,단막극장,서울  종로구 동숭동 12-6 ),37.5832418,127.004427
문화예술회관,나루아트센터,서울  광진구 자양동 227-344  ),37.5376439,127.0706037
공연장,대학로극장,서울  종로구 연건동 178-1 ),37.5765,127.0025375
공연장,SJ비보이극장,서울  마포구 서교동  와우산로 121 삼진제약빌딩 지하1층 비보이즈극장,37.5535364,126.9268661
미술관,갤러리 원 (원화랑),서울  강남구 청담동 101-5 ),37.527525,127.045863
미술관,대림미술관,서울  종로구 통의동 35-1 ),37.5775335,126.9733591
미술관,아트센터 나비,서울  종로구 서린동  종로 26 SK 본사빌딩 4층,37.5698077,126.9804918
기타,꼬스트홀,서울  중구 명동2가 1-1 ),37.5632657,126.986736
미술관,선갤러리,서울  종로구 인사동 184 5길 8 (인사동),37.5729269,126.9856937
미술관,성곡미술관,서울  종로구 신문로2가 1-101 ),37.5732338,126.9694964
박물관/기념관,한국영화박물관,서울  마포구 상암동 1602 ),37.580591,126.8898501
박물관/기념관,쇳대박물관,서울  종로구 동숭동 187-8 ),37.5798205,127.0046195
박물관/기념관,세계장신구 박물관 (World Jewellery Museum),서울  종로구 화동 75-3 ),37.5809998,126.9818207
박물관/기념관,서울약령시한의약박물관,서울  동대문구 용두동 787 ),37.5777688,127.0377656
미술관,환기미술관,서울  종로구 부암동 210-8 ),37.5940981,126.9661218
박물관/기념관,별난물건박물관,서울  용산구 용산동1가 8 ),37.5373365,126.9784621
미술관,북촌미술관,서울  종로구 가회동 170-4  ),37.5802792,126.9847664
박물관/기념관,샬트르성바오로수녀회 역사박물관,서울  중구 명동2가 1-6 ),37.5624324,126.9880625
미술관,서울대학교 미술관,서울  관악구 신림동 56-1 ),37.4664469,126.9496874
박물관/기념관,연세대학교 중앙박물관,서울  서대문구 신촌동 134 ),37.5617989,126.9379423
박물관/기념관,옹기민속박물관,서울  도봉구 쌍문동 497-15 ),37.6543558,127.0131873
문화원,올림픽스포츠센터,서울  송파구 방이동 89-12 ),37.515359,127.133389
박물관/기념관,숙명여자대학교 정영양자수박물관,서울  용산구 효창동 52,37.5449219,126.9641116
박물관/기념관,백범기념관,서울  용산구 효창동 255 ),37.5442812,126.9592347
박물관/기념관,보나장신구 박물관,서울  종로구 관훈동 192-10 ),37.5735826,126.9845298
박물관/기념관,한국불교역사문화기념관,서울  종로구 견지동 45,37.574458,126.9820647
박물관/기념관,상명대학교 박물관,서울  종로구 홍지동 110-743 ),37.6027666,126.9551533
문화원,용산문화원,서울  용산구 원효로4가 87-4 ),37.5334662,126.952202
기타,롯데월드,서울  송파구 잠실동  올림픽로 240 호텔롯데 롯데월드,37.5110794,127.0981638
박물관/기념관,호림박물관,서울  관악구 신림동 1707 ),37.4809816,126.918218
박물관/기념관,서대문형무소역사관,서울  서대문구,37.5742887,126.9562269
공연장,학전GREEN소극장,서울  종로구 동숭동 1-8 ),37.5839245,127.0030173
공연장,명보극장,서울  중구 초동 18-5 ),37.5646356,126.99322
공연장,삼일로창고극장,서울시 중구 삼일대로9길 12,37.563469,126.9879706
공연장,판타지움,서울  종로구 명륜2가 41-9 ),37.5833998,126.9998563
미술관,인사아트프라자갤러리,서울  종로구 관훈동 21 ),37.5738082,126.9856112
박물관/기념관,영인문학관,서울  종로구,37.6119654,126.9715875
공연장,샤롯데씨어터,서울  송파구 잠실동 40-1 ),37.5105764,127.0998629
공연장,갈갈이홀,서울  종로구 동숭동 1-100 ),37.5810002,127.0035186
공연장,강남구민회관강당,서울  강남구 대치동 509-2 ),37.4938226,127.0642688
공연장,구로구민회관 대강당,서울  구로구 구로동 102 ),37.4971237,126.8897292
박물관/기념관,국민대학교 박물관,서울  성북구 정릉동  정릉로 77,37.612908,126.9938822
공연장,금빛공원 야외공연장,서울  금천구 독산동 371-2 ),37.4700137,126.907356
박물관/기념관,울트라 건축 박물관,서울  양천구 신정동  중앙로 256,37.5198157,126.853409
박물관/기념관,의학박물관,서울  종로구 연건동 110-744 ),37.5768763,126.9997812
공연장,소월아트홀,서울  성동구 행당동 142-16 ),37.5593204,127.036016
박물관/기념관,생명과학박물관,서울  양천구 목동 405-207,37.523905,126.8719642
박물관/기념관,고려대학교 박물관,서울  성북구 안암동5가 1-2 ),37.5895165,127.0343531
문화예술회관,강서구민회관,서울  강서구 내발산동 19-1  ),37.5533732,126.8436044
공연장,두산아트센터 space111,서울  종로구 연지동 270 ),37.571925,127.0008625
공연장,서울돈화문국악당,서울  종로구 와룡동 12-2,37.57725028,126.9907307
기타,아트숨비센터 ,서울특별시 은평구 은평로8길 9,37.59939709,126.9207203
기타,무빙아트미술교육원 ,경기도 부천시 도약로 83,37.51190412,126.7587543
공연장,대안공간 ○:PEN,서울특별시 성북구 동소문로20가길 28,37.5927616,127.0179058
기타,서울풍물시장 청춘일번가,서울특별시 동대문구 천호대로4길 21,37.57271319,127.0255029
기타,잠실창작스튜디오,서울 송파구 올림픽로25 종합운동장 내,37.51647913,127.0729996
기타,서울무용센터,서울 서대문구 명지2길 14,37.58305984,126.9278729
기타,서울도시건축전시관,서울특별시 중구 세종대로 119,37.56688375,126.9767024
미술관,슈페리어갤러리,서울특별시 강남구 테헤란로 528 슈페리어타워 지하1층,37.50809527,127.062
박물관/기념관,서울상상나라,서울  광진구 능동로 216,37.55055,127.077569
기타,서울문화재단,서울시 동대문구 청계천로 517,37.571509,127.0337136
기타,서울생활문화센터 낙원,서울특별시 종로구 삼일대로 428,37.57276352,126.9879025
기타,플랫폼창동61,서울특별시 도봉구 마들로11길 74,37.65407759,127.0487373
도서관,구로구립 꿈마을도서관,서울특별시 구로구 디지털로27다길 65,37.48714316,126.8901547
기타,서울생활문화센터 체부,서울특별시 종로구 자하문로1나길 3-2,37.5767085,126.9714894
미술관,종로구립 고희동미술관,서울특별시 종로구 창덕궁5길 40,37.58313281,126.9889643
미술관,갤러리 구루지,서울특별시 구로구 가마산로25길 21,37.49710269,126.8895491
기타,SPACE 1257,서울특별시 강남구 학동로 146 와일리 타워 1층,37.51250366,127.026929
박물관/기념관,세계골프역사박물관,서울특별시 강남구 테헤란로 528 슈페리어타워 지하2층,37.50809527,127.062
미술관,경춘선숲길 갤러리,서울특별시 노원구 화랑로 608,37.62449232,127.0931031
문화예술회관,평촌아트홀,경기도 안양시 동안구 평촌대로 76,37.37998052,126.9640318
박물관/기념관,국립중앙박물관,서울특별시 용산구 서빙고로 137,37.52399999,126.9802709
기타,청춘극장,서울특별시 중구 새문안로 22,37.56712921,126.9686448
공연장,성수아트홀,서울  성동구 성수동1가   656-323,37.54541449,127.0469742
박물관/기념관,서울우리소리박물관,서울특별시 종로구 율곡로 96,37.57715793,126.989622
공연장,오류아트홀,서울특별시 구로구 경인로20가길 38,37.49535812,126.8460358
도서관,대방어린이도서관,서울특별시 동작구 대방동길 55,37.50302549,126.9252227
기타,광진숲나루,서울 광진구 구의동 175-1,37.54727513,127.0978393
기타,북촌전통공예체험관,서울특별시 종로구 북촌로12길 24-5,37.58252379,126.9860292
박물관/기념관,함석헌기념관,서울특별시 도봉구 도봉로123길 33-6,37.65296162,127.0347964
미술관,SeMA 벙커,서울 영등포구 여의도동 2-11,37.52490456,126.9229717
기타,갤러리 히든플레이스,울특별시 서대문구 대현동 53-9,37.55848121,126.9462494
공연장,서울광장,서울 중구 태평로2가 17-3,37.56533387,126.9776978
기타,tbs(서울특별시미디어재단),서울특별시 마포구 매봉산로 31,37.57572697,126.8899726
미술관,장디자인아트 JeanDesignArt,서울특별시 강남구 도산대로67길 27,37.52587293,127.0442559
공연장,은평문화예술회관,서울 은평구 녹번동 85-4 녹번동,37.6039163,126.9283646
미술관,청화랑,서울특별시 강남구 삼성로147길 4,37.52273774,127.047651
미술관,북서울꿈의숲아트센터 드림갤러리,서울특별시 강북구 월계로 173,37.62025446,127.0443247
기타,남산 소나무 힐링숲,서울 중구 장충동2가 산 14-21,37.5511809,126.996586
도서관,국사봉숲속작은도서관,서울특별시 동작구 양녕로23길 27,37.49543351,126.9405902
미술관,서울노인복지센터(탑골미술관),서울특별시 종로구 삼일대로 467,37.57596579,126.9858533
기타,남산공원 호현당,서울 중구 회현동1가 산 1-44,37.55504848,126.9804324
미술관,호리아트스페이스,서울특별시 강남구 압구정로80길 26 3층,37.52479907,127.0446105
박물관/기념관,전태일기념관,서울특별시 종로구 청계천로 105,37.56846645,126.9893003
미술관,동작아트갤러리,서울특별시 동작구 보라매로5길 28-1,37.49379251,126.9231084
공연장,북서울꿈의숲아트센터,서울특별시 강북구 월계로 173,37.62025446,127.0443247
공연장,유니플렉스,서울특별시 종로구 대학로12길 64,37.58119758,127.0036202
기타,강남시니어플라자,서울특별시 강남구 봉은사로 332,37.50978716,127.0432183
도서관,원당마을한옥도서관,서울특별시 도봉구 해등로32가길 17,37.66029179,127.0217983
공연장,선돌극장 (예술 공연장),서울특별시 종로구 혜화로5길 5,37.58681262,126.9997652
문화원,동작문화원,서울특별시 동작구 장승배기로10길 42,37.50444553,126.9410884
문화예술회관,돈화문 서울무형문화재교육전시장,서울특별시 종로구 율곡로 10길 13,37.57693514,126.9911045
공연장,충무아트센터,서울특별시 중구 퇴계로 387,37.56594097,127.0147909
도서관,국립중앙도서관 실감서재,서울특별시 서초구 반포대로 201,37.4974226,127.0032279
박물관/기념관,다문화박물관,서울특별시 은평구 불광로 135,37.61878209,126.9325207
도서관,구로기적의도서관,서울특별시 구로구 구로중앙로40길 24,37.50673513,126.8773759
미술관,브랜뉴디지털아트갤러리,서울특별시 서초구 강남대로69길 8,37.50183996,127.0246452
기타,오류역 문화공원,서울특별시 구로구 경인로20길 13,37.49451216,126.8455535
박물관/기념관,기생충박물관,서울특별시 강서구 화곡로 333,37.55362014,126.8507501
기타,마포공예센터,서울특별시 마포구 성미산로27길 34,37.56510895,126.9213605
도서관,사당솔밭도서관,서울특별시 동작구 솔밭로 86,37.48408142,126.9673507
공연장,서울놀이마당,서울특별시 송파구 잠실로 124,37.50936664,127.0981982
기타,경교장(사적 제465호),서울특별시 종로구 새문안로 29,37.56833998,126.9680343
공연장,하라스튜디오,서울특별시 금천구 가산디지털1로 181 가산w센터 B218호,37.48142499,126.8803936
기타,도봉구민청 1층 갤러리,서울특별시 도봉구 마들로 656,37.66871613,127.0471314
도서관,어린이청소년 국학도서관,서울특별시 종로구 명륜길 26 와룡문화센터 5층,37.58868588,126.9955402
도서관,약수도서관,서울특별시 동작구 양녕로22바길 64,37.49788488,126.9474555
도서관,불암도서관,서울특별시 노원구 중계로8길 20,37.64536085,127.0832181
공연장,아티스탄홀,서울특별시 종로구 대학로 132,37.58309546,127.0021033
공연장,마루아트홀,서울특별시 종로구 대학로8가길 30,37.58229447,127.0025238
기타,북촌한옥역사관,서울특별시 종로구 계동4길 3,37.5823065,126.987062
기타,경의선 책거리,서울특별시 마포구 와우산로37길 35,37.55644496,126.9290211
기타,서울시청 하늘광장 갤러리,서울특별시 중구 세종대로 110,37.56631742,126.9778292
미술관,상계예술마당,서울특별시 노원구 상계로10길 41-7,37.65577755,127.0683648
기타,생활문화지원센터(104예술창작소),서울특별시 노원구 중계로6나길 39 중계마을복지회관,37.64268243,127.0874226
박물관/기념관,사육신역사관,서울특별시 동작구 노량진로 191,37.51345799,126.9494111
도서관,동작샘터도서관,서울특별시 동작구 동작대로29길 63-26,37.48837476,126.9775878
기타,DDP(동대문디자인플라자),서울특별시 중구 을지로 281,37.56681313,127.0096257
기타,강남힐링센터(코엑스),서울특별시 강남구 테헤란로87길 46,37.51137784,127.0580407
미술관,중랑아트센터,서울 중랑구 상봉동 500 이노시티 C동 B2F,37.59810122,127.0905137
기타,답십리영화미디어아트센터,서울특별시 동대문구 답십리로 210-9,37.57179637,127.063764
기타,서울대공원,경기 과천시 막계동 160-2,37.43643055,127.0140984
공연장,국립극장,서울특별시 중구 장충단로 59,37.55199491,126.9992673
도서관,구립 김영삼도서관,서울특별시 동작구 매봉로 1,37.50547361,126.9499672
박물관/기념관,청계천박물관 ,서울특별시 성동구 청계천로 530,37.57126617,127.0350432
문화원,성북문화원,서울특별시 성북구 성북로4길 13-8 성북문화원,37.58969266,127.0057255
공연장,음악플러스 아트홀,서울특별시 서초구 남부순환로317길 82-4 백경빌딩 B1,37.48319029,127.0107176
도서관,양천중앙도서관,서울특별시 양천구 신정로7길 81,37.51365196,126.8336297
도서관,김근태기념도서관,서울특별시 도봉구 도봉산길 14,37.68766744,127.0440199
기타,송파문화재단,서울특별시 송파구 백제고분로42길 5,37.50592943,127.1097315
기타,한국영상자료원,서울특별시 마포구 월드컵북로 400 한국영상자료원,37.58045107,126.8898935
기타,서울에너지드림센터,서울특별시 마포구 증산로 14(상암동 1535-3 평화의 공원 내),37.56311306,126.8914647
공연장,마포문화재단,서울특별시 마포구 대흥로20길 28,37.54990609,126.9455338
미술관,구캔갤러리,서울특별시 구로구 경인로 661,37.50904922,126.8869873
공연장,금천뮤지컬센터,서울특별시 금천구 시흥대로115길 48,37.46877706,126.8944749
도서관,강남구립열린도서관,서울특별시 강남구 일원로 115 삼성생명빌딩 B동 203호,37.48413796,127.0845194
기타,맛동,서울특별시 은평구 녹번동 5-29,37.60940705,126.9349539
기타,제1서울창의예술교육센터 ,서울특별시 은평구 가좌로 208,37.58952241,126.9192655
기타,삼원갤러리,서울특별시 광진구 천호대로 549,37.5576985,127.0792261
미술관,서울시립 북서울미술관,서울특별시 노원구 동일로 1238,37.64066045,127.0668656
기타,한양도성 유적전시관,서울 중구 회현동1가 100-267,37.55390443,126.9817908
미술관,스페이스 이수 ,서울특별시 서초구 사평대로 84,37.4980221,126.9938793
기타,신도림 문화공간 다락,서울특별시 구로구 새말로 121-15,37.50786379,126.8922179
기타,감정서가 (서울예술교육센터),서울특별시 용산구 서빙고로 17 센트럴파크타워 1층,37.52690561,126.9665662
도서관,학마을도서관,서울특별시 도봉구 시루봉로 128,37.66215979,127.0278315
도서관,동작어린이도서관,서울특별시 동작구 장승배기로16길 98,37.50920488,126.9434323
미술관,두손 갤러리,서울특별시 중구 덕수궁길 130,37.56799609,126.9739574
기타,서울관광플라자,서울특별시 종로구 청계천로 85 ,37.56863139,126.9871504
미술관,ADM 갤러리,서울특별시 강남구 역삼로14길 20,37.49320866,127.0356382
기타,올리비아 박갤러리,서울특별시 강남구 삼성로 773,37.52351279,127.0474253
박물관/기념관,서울공예박물관,서울특별시 종로구 율곡로3길 4,37.57664817,126.9835334
박물관/기념관,근현대사기념관 ,서울특별시 강북구 4.19로 114,37.64344107,127.0028306
미술관,신한갤러리,서울특별시 강남구 역삼로 251,37.49863107,127.0440226
기타,김중업 건축문화의집,서울특별시 성북구 장위로21나길 11,37.61501747,127.0440686
문화원,드플로허,서울특별시 용산구 대사관로5길 34,37.53577818,127.0002756
도서관,개울건강도서관,서울특별시 양천구 중앙로52길 56,37.52597518,126.8566021
기타,재단법인 동작문화재단,서울특별시 동작구 흑석로 93-1,37.50749087,126.9598854
기타,강동문화재단,서울특별시 강동구 동남로 870,37.55122046,127.1573425
공연장,강남씨어터,서울특별시 강남구 역삼로7길 16 3층,37.49537321,127.0332838
공연장,금나래아트홀,서울 금천구 시흥동 1030,37.45715585,126.8967629
기타,서울기록원,서울특별시 은평구 통일로62길 7,37.60753303,126.9348602
기타,광화문광장,서울특별시 종로구 세종대로 지하 172,37.57162282,126.976788
기타,성동청소년문화의집,서울 성동구 금호동3가 1266,37.5496006,127.0189934
공연장,라움아트센터,서울특별시 강남구 언주로 564,37.50839127,127.0397754
공연장,클라라 아트홀,서울특별시 서초구 남부순환로323길 53,37.48343886,127.0135484
공연장,관악아트홀,서울 관악구 신림로 3길 35,37.475437,126.941541
기타,종로문화재단,서울특별시 종로구 새문안로3길 3,37.57065619,126.9723943
공연장,KB 청춘마루,서울특별시 마포구 홍익로 18,37.55422005,126.9230101
박물관/기념관,G밸리산업박물관,서울특별시 구로구 디지털로26길 38,37.4798477,126.8953185
기타,관악어린이창작놀이터,서울특별시 관악구 은천로10길 3,37.48587457,126.9408278
기타,무중력지대 도봉,서울특별시 도봉구 마들로11길 75,37.65315868,127.0487467
기타,씨알방학간,서울특별시 도봉구 도봉로 666,37.66400647,127.043019
공연장,크리에이터스 스페이스,서울특별시 동대문구 안암로 86-1,37.58348609,127.0305032
도서관,다울작은도서관,서울특별시 동작구 사당로20길 132,37.47888804,126.9732442
기타,관악문화재단,서울특별시 관악구 신림로3길 35,37.46759765,126.9448709
미술관,서울시립 남서울미술관,서울특별시 관악구 남부순환로 2076,37.47605354,126.9794659
공연장,광진어린이공연장,서울특별시 광진구 능동로 400,37.56501095,127.0845968
도서관,까망돌도서관,서울특별시 동작구 서달로 129,37.50512021,126.960611
기타,도봉문화재단,서울특별시 도봉구 노해로63길 43,37.65271007,127.0439417
박물관/기념관,둘리뮤지엄,서울 도봉구 쌍문동 산 250,37.65217322,127.0245302
기타,서울새활용플라자,서울특별시 성동구 자동차시장길 49,37.55868506,127.0578512
