교육청,소재구,학교명,설립,고등학교 유형,남녀,주야,홈페이지 주소,우편번호,주소,전화번호, 편성 학급수,학생수,교원수,직원수,교실수,1학년 , 2학년 , 3학년 , 복식학급 , 특수학급 , 계 , 1학년,2학년,3학년,복식학급,특수학급,계,총교원수,정규,기간제,일반직,계 , 여 , 계 , 여 , 계 , 여 , 계 , 여 , 계 , 여 , 계 , 여 , 계 , 여 , 계 , 여 , 계 , 여 , 계 , 여 ,
서울시,종로구,경기상업고등학교,공립,특성화고(직업),남여공학,주간,http://ggc.sen.hs.kr,030-47 ,서울특별시 종로구 자하문로 136 (청운동),02-737-6490,8,9,5,0,0,22,131,57,141,88,54,15,0,0,0,0,326,160,51,38,40,28,11,10,4,3,35
서울시,종로구,경복고등학교,공립,일반고,남자,주간,http://www.kyungbock.hs.kr,030-47 ,서울특별시 종로구 자하문로28가길 9 . 경복고등학교 (청운동.경복고등학교),02-397-5214,10,10,11,0,3,34,190,0,224,0,220,0,0,0,18,0,652,0,88,68,70,52,18,16,9,4,64
서울시,종로구,경신고등학교,사립,일반고,남자,주간,http://kyungshin.sen.hs.kr,030-67 ,서울특별시 종로구 혜화로 74 (혜화동.경신중고등학교),02-762-0393,8,8,9,0,0,25,150,0,179,0,169,0,0,0,0,0,498,0,57,19,46,14,11,5,5,0,42
서울시,종로구,대동세무고등학교,사립,특성화고(직업),남여공학,주간,http://daedong.kr,030-57 ,서울특별시 종로구 계동길 84-10 . 대동세무고등학교 (계동),02-763-1631,9,9,10,0,0,28,190,97,209,126,247,138,0,0,0,0,646,361,62,27,53,18,9,9,5,2,39
서울시,종로구,대신고등학교,사립,일반고,남자,주간,http://daeshin.sen.hs.kr,030-29 ,서울특별시 종로구 사직로 9 (행촌동),070-4612-7820,8,8,9,0,0,25,130,0,158,0,203,0,0,0,0,0,491,0,54,21,42,11,12,10,6,3,49
서울시,종로구,덕성여자고등학교,사립,일반고,여자,주간,http://www.duksung.hs.kr,030-61 ,서울특별시 종로구 율곡로3길 50 . 덕성여자고등학교 (안국동),02-734-6871,9,9,9,0,0,27,204,204,211,211,223,223,0,0,0,0,638,638,60,35,43,23,17,12,6,2,34
서울시,종로구,동성고등학교,사립,자율고,남자,주간,http://www.dongsung.hs.kr,030-83 ,서울특별시 종로구 대학로 156 (혜화동.동성중고교),02-3671-9196,9,9,9,0,0,27,187,0,251,0,241,0,0,0,0,0,679,0,67,22,56,15,11,7,7,3,38
서울시,종로구,배화여자고등학교,사립,일반고,여자,주간,http://paiwha.sen.hs.kr,030-39 ,서울특별시 종로구 필운대로1길 34 (필운동.배화여자고등학교),02-724-0308,9,9,9,0,0,27,177,177,185,185,209,209,0,0,0,0,571,571,60,39,42,26,18,13,6,2,37
서울시,종로구,상명대학교사범대학부속여자고등학교,사립,일반고,여자,주간,http://sangmyung-agh.hs.kr,030-16 ,서울특별시 종로구 홍지문2길 20 (홍지동.상명대학교),02-396-6300,7,7,7,0,0,21,142,142,159,159,154,154,0,0,0,0,455,455,51,30,38,22,13,8,5,1,44
서울시,종로구,서울과학고등학교,공립,특수목적고,남여공학,주간,http://www.sshs.hs.kr,030-66 ,서울특별시 종로구 혜화로 63 (명륜1가),02-740-6299,8,8,8,0,0,24,126,10,130,14,123,9,0,0,0,0,379,33,89,42,72,36,17,6,10,5,55
서울시,종로구,서울국제고등학교,공립,특수목적고,남여공학,주간,http://sghs.sen.hs.kr,030-66 ,서울특별시 종로구 성균관로13길 40 . 서울국제고 (명륜1가),02-743-9385,6,6,6,0,0,18,136,109,151,111,146,108,0,0,0,0,433,328,68,48,57,38,11,10,8,4,27
서울시,종로구,서울예술고등학교,사립,특수목적고,남여공학,주간,http://www.yego.or.kr,030-11 ,서울특별시 종로구 평창문화로 70 (평창동),02-2287-0505,10,10,10,0,0,30,362,296,360,301,355,297,0,0,0,0,1077,894,48,28,39,21,9,7,13,5,178
서울시,종로구,서일문화예술고등학교,사립,특성화고(직업),남여공학,주간,http://www.seo-il.hs.kr,030-94 ,서울특별시 종로구 지봉로17길 49 . 서일국제경영고등학교 (창신동. 서일국제경영고등학교),02-745-6221,5,5,5,0,0,15,111,77,117,78,104,69,0,0,0,0,332,224,35,22,28,15,7,7,5,1,29
서울시,종로구,중앙고등학교,사립,자율고,남자,주간,http://choongang.sen.hs.kr/,030-51 ,서울특별시 종로구 창덕궁길 164 (계동. 중앙고등학교),02-742-1321,10,10,10,0,0,30,303,0,293,0,294,0,0,0,0,0,890,0,67,27,45,12,22,15,4,2,46
서울시,중구,대경상업고등학교,사립,특성화고(직업),남여공학,주간,http://www.daekyeong.hs.kr,045-92 ,서울특별시 중구 매봉18길 111 . 대경상업고등학교 (신당동),02-2234-0798,7,8,8,0,0,23,137,43,165,47,185,67,0,0,0,0,487,157,55,27,37,13,18,14,5,1,36
서울시,중구,리라아트고등학교,사립,특성화고(직업),남여공학,주간,http://www.lila.hs.kr,046-28 ,서울특별시 중구 소파로2길 24 (예장동),02-775-6546,6,6,6,0,0,18,132,77,139,83,153,88,0,0,0,0,424,248,46,19,44,18,2,1,6,0,19
서울시,중구,서울의료보건고등학교,사립,특성화고(직업),여자,주간,http://smh.sen.hs.kr,045-02 ,서울특별시 중구 만리재로37길 30 . 서울의료보건고등학교 (만리동1가),02-392-6666,5,5,5,0,0,15,104,104,111,111,109,109,0,0,0,0,324,324,33,23,5,3,28,20,5,2,28
서울시,중구,성동고등학교,공립,일반고,남자,주간,http://sungdong.sen.hs.kr,045-79 ,서울특별시 중구 퇴계로90길 17 . 성동고등학교 (신당동),02-2237-2412,7,7,8,0,2,24,128,0,150,0,160,0,0,0,6,0,444,0,56,38,50,33,6,5,6,4,47
서울시,중구,성동공업고등학교,공립,특성화고(직업),남여공학,주간,http://sdth.sen.hs.kr,045-71 ,서울특별시 중구 다산로 290 (흥인동),070-8685-5760,12,12,12,0,0,36,204,27,260,24,285,20,0,0,0,0,749,71,94,39,86,34,8,5,8,2,105
서울시,중구,성동글로벌경영고등학교,공립,특성화고(직업),여자,주간,http://www.sdglobal.hs.kr,045-66 ,서울특별시 중구 퇴계로 375 (신당동. 성동글로벌경영고등학교),02-2252-1932,6,8,9,0,0,23,87,87,131,131,184,184,0,0,0,0,402,402,52,41,47,36,5,5,5,3,51
서울시,중구,이화여자고등학교,사립,자율고,여자,주간,http://www.ewha.hs.kr,045-16 ,서울특별시 중구 정동길 . 26 (정동),02-752-3353,12,12,12,0,0,36,384,384,364,364,379,379,0,0,0,0,1127,1127,80,53,59,35,21,18,9,3,55
서울시,중구,이화여자외국어고등학교,사립,특수목적고,여자,주간,http://www.ewha-gfh.hs.kr,045-16 ,서울특별시 중구 통일로4길 30 (순화동),02-2176-1992,6,6,6,0,0,18,126,126,139,139,130,130,0,0,0,0,395,395,38,23,29,14,9,9,4,1,32
서울시,중구,장충고등학교,사립,일반고,남자,주간,http://www.jangchung.hs.kr,046-03 ,서울특별시 중구 동호로15길 93 장충고등학교,02-2233-9990,6,6,6,0,0,18,117,0,144,0,129,0,0,0,0,0,390,0,40,8,33,3,7,5,5,2,26
서울시,중구,한양공업고등학교,사립,특성화고(직업),남자,주간,http://hanyang.sen.hs.kr,045-66 ,서울특별시 중구 을지로 299 . 한양공업고등학교 (신당동),070-4831-3984,12,12,12,0,0,36,264,0,271,0,284,0,0,0,0,0,819,0,93,28,63,13,30,15,7,1,83
서울시,중구,환일고등학교,사립,일반고,남자,주간,http://hwanil.hs.kr,045-00 ,서울특별시 중구 환일길 47 (만리동2가),02-390-7113,9,10,10,0,0,29,172,0,213,0,239,0,0,0,0,0,624,0,68,33,61,29,7,4,6,3,32
서울시,용산구,배문고등학교,사립,일반고,남자,주간,http://www.baemoon.hs.kr,043-05 ,서울특별시 용산구 효창원로 258 (서계동),02-3480-7100,7,7,7,0,0,21,116,0,127,0,128,0,0,0,0,0,371,0,47,12,41,7,6,5,5,2,34
서울시,용산구,보성여자고등학교,사립,일반고,여자,주간,http://bosung.sen.hs.kr,043-38 ,서울특별시 용산구 신흥로3가길 66 . 보성여자고등학교 (용산동2가),070-4000-3135,7,7,7,0,0,21,126,126,145,145,155,155,0,0,0,0,426,426,45,30,32,20,13,10,4,3,28
서울시,용산구,서울디지텍고등학교,사립,특성화고(직업),남여공학,주간,http://www.sdh.hs.kr,043-46 ,서울특별시 용산구 회나무로12길 27 (이태원동),02-798-3641,4,4,4,0,0,12,96,19,79,13,99,15,0,0,0,0,274,47,33,10,31,9,2,1,6,4,8
서울시,용산구,선린인터넷고등학교,공립,특성화고(직업),남여공학,주간,http://www.sunrint.hs.kr,043-14 ,서울특별시 용산구 원효로97길 33-4 (청파동3가),02-713-6211,12,12,12,0,0,36,265,70,276,78,292,74,0,0,0,0,833,222,83,59,73,50,10,9,6,4,50
서울시,용산구,성심여자고등학교,사립,일반고,여자,주간,http://sacredheart.sen.hs.kr,043-61 ,서울특별시 용산구 원효로19길 49 . 성심여자고등학교 (원효로4가),02-702-5501,7,7,8,0,3,25,131,131,166,166,188,188,0,0,18,18,503,503,55,34,43,22,12,12,5,3,50
서울시,용산구,신광여자고등학교,사립,일반고,여자,주간,http://www.shinkwang.hs.kr,043-13 ,서울특별시 용산구 청파로 263 . 학교법인신광학원 (청파동3가),02-710-6908,5,5,5,0,0,15,68,68,93,93,83,83,0,0,0,0,244,244,37,21,31,16,6,5,5,2,28
서울시,용산구,오산고등학교,사립,일반고,남자,주간,http://osan.sen.hs.kr,043-96 ,서울특별시 용산구 보광로7길 17 (보광동),02-799-9500,7,7,8,0,0,22,144,0,179,0,178,0,0,0,0,0,501,0,48,18,38,11,10,7,5,2,59
서울시,용산구,용산고등학교,공립,일반고,남자,주간,http://yongsan.sen.hs.kr,043-53 ,서울특별시 용산구 두텁바위로 60 (용산동2가.용산고등학교),02-3706-6700,12,13,13,0,3,41,289,0,300,0,330,0,0,0,12,0,931,0,95,60,79,53,16,7,6,1,53
서울시,용산구,용산철도고등학교,공립,특성화고(직업),남여공학,주간,http://yongsan-th.sen.hs.kr,043-88 ,서울특별시 용산구 서빙고로 24 . 용산공업고등학교 (한강로3가),02-6905-7777,8,11,11,0,0,30,148,9,189,14,204,4,0,0,0,0,541,27,78,29,74,26,4,3,10,5,122
서울시,용산구,중경고등학교,공립,일반고,남여공학,주간,http://jungkyung.sen.hs.kr,044-26 ,서울특별시 용산구 이촌로84길 34 (이촌동),02-793-2540,6,6,7,0,3,22,123,66,140,78,135,95,0,0,3,1,401,240,54,42,48,38,6,4,6,4,37
서울시,성동구,경일고등학교,공립,일반고,남여공학,주간,http://kyungil.sen.hs.kr,047-79 ,서울특별시 성동구 성수일로 27 . 경일고등학교 (성수동1가),070-5024-7000,6,6,6,0,3,21,99,51,129,62,111,54,0,0,5,1,344,168,48,38,45,35,3,3,4,2,41
서울시,성동구,금호고등학교,공립,일반고,남여공학,주간,http://geumho.hs.kr,047-27 ,서울특별시 성동구 금호로 118 . 금호고등학교 (금호동1가. 금호고등학교),02-2022-0841,7,7,7,0,3,24,125,75,152,85,143,85,0,0,16,3,436,248,53,40,49,37,4,3,8,5,34
서울시,성동구,덕수고등학교,공립,특성화고(직업),남여공학,주간,http://www.duksoo.hs.kr,047-64 ,서울특별시 성동구 왕십리로 199 (행당동),02-2292-5707,5,5,7,0,0,17,60,2,62,18,115,29,0,0,0,0,237,49,48,36,41,30,7,6,9,1,47
서울시,성동구,도선고등학교,공립,일반고,남여공학,주간,http://dosun.hs.kr,047-01 ,서울특별시 성동구 마장로 156 (하왕십리동),02-2292-8176,7,7,7,0,3,24,135,78,151,86,146,86,0,0,16,6,448,256,59,44,47,33,12,11,8,5,31
서울시,성동구,무학여자고등학교,공립,일반고,여자,주간,http://muhak.sen.hs.kr,047-16 ,서울특별시 성동구 고산자로 197 무학여자고등학교,02-2200-1724,9,9,10,0,3,31,166,166,201,201,189,189,0,0,5,5,561,561,74,57,62,47,12,10,6,2,51
서울시,성동구,서울방송고등학교,공립,특성화고(직업),남여공학,주간,http://www.seb.hs.kr,047-31 ,서울특별시 성동구 동호로5길 131 (옥수동),02-2281-0091,7,7,7,0,0,21,147,59,164,83,175,83,0,0,0,0,486,225,61,41,44,29,17,12,6,4,33
서울시,성동구,성수고등학교,공립,일반고,남여공학,주간,http://seongsu.sen.hs.kr,047-68 ,서울특별시 성동구 서울숲길 18 . 성수고등학교 (성수동1가),02-6913-3506,7,7,8,0,2,24,130,74,168,95,171,108,0,0,3,0,472,277,56,38,50,34,6,4,5,4,45
서울시,성동구,성수공업고등학교,공립,특성화고(직업),남여공학,주간,http://sungsu.sen.hs.kr,047-80 ,서울특별시 성동구 뚝섬로 365 (성수동2가.성수공업고등학교),02-3409-0944,4,6,6,0,0,16,22,0,47,1,42,0,0,0,0,0,111,1,42,14,38,12,4,2,7,5,63
서울시,성동구,한양대학교사범대학부속고등학교,사립,자율고,남여공학,주간,http://www.hanyang-u.hs.kr/,047-61 ,서울특별시 성동구 마조로 42 (사근동) 한양대학교사범대학부속고등학교,02-2200-3507,10,10,10,0,0,30,320,277,324,276,305,269,0,0,0,0,949,822,77,50,56,33,21,17,8,3,49
서울시,광진구,건국대학교사범대학부속고등학교,사립,일반고,남여공학,주간,http://www.konkuk.hs.kr,050-29 ,서울특별시 광진구 능동로 120 . 건국대학교사범대학부속고등학교 (화양동),070-7012-3604,12,12,12,0,0,36,312,125,334,138,355,148,0,0,0,0,1001,411,76,25,58,13,18,12,6,3,56
서울시,광진구,광남고등학교,공립,일반고,남여공학,주간,http://gwang-nam.sen.hs.kr,049-73 ,서울특별시 광진구 아차산로70길 17-16 . 광남고등학교 (광장동. 광남고등학교),02-2204-8705,14,14,14,0,0,42,348,163,360,178,380,179,0,0,0,0,1088,520,100,67,81,54,19,13,7,3,61
서울시,광진구,광양고등학교,공립,일반고,남여공학,주간,http://gwangyang.sen.hs.kr,051-04 ,서울특별시 광진구 자양로3가길 31 (자양동),02-446-1435,7,7,8,0,3,25,141,72,163,84,179,79,0,0,18,6,501,241,54,41,50,37,4,4,5,1,46
서울시,광진구,대원고등학교,사립,일반고,남자,주간,http://daewon-seoul.hs.kr,049-39 ,서울특별시 광진구 용마산로22길 26 . 대원고등학교 (중곡동),02-2204-1569,9,10,10,0,0,29,230,0,254,0,277,0,0,0,0,0,761,0,61,18,48,11,13,7,6,0,49
서울시,광진구,대원여자고등학교,사립,일반고,여자,주간,http://www.dwg.hs.kr,049-39 ,서울특별시 광진구 용마산로22길 26 . 대원여자고등학교 (중곡동),02-2204-1621,9,9,9,0,0,27,209,209,232,232,230,230,0,0,0,0,671,671,58,33,44,21,14,12,6,1,46
서울시,광진구,대원외국어고등학교,사립,특수목적고,남여공학,주간,http://www.dwfl.hs.kr/,049-39 ,서울특별시 광진구 용마산로22길 26 . 대원외국어고등학교 (중곡동),02-2204-1527,10,10,10,0,0,30,240,181,256,158,257,178,0,0,0,0,753,517,62,29,49,20,13,9,9,3,40
서울시,광진구,동국대학교사범대학부속여자고등학교,사립,일반고,여자,주간,http://donggukgirls.sen.hs.kr,050-38 ,서울특별시 광진구 광나루로36길 47 . 동국대부속여고 (구의동),02-2049-1514,9,9,10,0,0,28,180,180,208,208,207,207,0,0,0,0,595,595,64,36,50,25,14,11,6,4,44
서울시,광진구,선화예술고등학교,사립,특수목적고,남여공학,주간,http://www.sunhwa.org,049-91 ,서울특별시 광진구 천호대로 664 (능동),02-2204-1380,9,9,9,0,0,27,363,321,365,309,363,312,0,0,0,0,1091,942,46,30,34,21,12,9,10,2,98
서울시,광진구,자양고등학교,공립,일반고,남여공학,주간,http://jayang.sen.hs.kr,050-69 ,서울특별시 광진구 뚝섬로37길 28 (자양동.자양고등학교),02-2049-4100,11,11,11,0,3,36,259,116,287,128,283,126,0,0,15,4,844,374,81,64,74,58,7,6,8,5,64
서울시,동대문구,경희고등학교,사립,자율고,남자,주간,http://www.kyungheeboy.hs.kr/,024-47 ,서울특별시 동대문구 경희대로 26 (회기동. 경희고등학교),02-966-3782,8,8,8,0,0,24,253,0,230,0,244,0,0,0,0,0,727,0,54,22,38,12,16,10,5,0,57
서울시,동대문구,경희여자고등학교,사립,일반고,여자,주간,http://kyunghee.sen.hs.kr,024-47 ,서울특별시 동대문구 경희대로 26 . 경희여자고등학교  (회기동.경희대학교),02-966-1248,7,7,7,0,0,21,127,127,152,152,163,163,0,0,0,0,442,442,49,26,40,20,9,6,5,0,65
서울시,동대문구,대광고등학교,사립,자율고,남자,주간,http://www.dgh.hs.kr,025-81 ,서울특별시 동대문구 안암로 6 . 대광고등학교 (신설동),02-940-2202,8,10,9,0,0,27,248,0,304,0,279,0,0,0,0,0,831,0,58,28,41,18,17,10,6,2,67
서울시,동대문구,동국대학교사범대학부속고등학교,사립,일반고,남자,주간,http://www.ddbk.hs.kr,025-20 ,서울특별시 동대문구 장안벚꽃로 201 (장안동.동국대학교사범대학부속고등학교),02-6913-1500,11,11,11,0,0,33,306,0,302,0,304,0,0,0,0,0,912,0,72,40,56,29,16,11,5,2,42
서울시,동대문구,정화여자상업고등학교,사립,특성화고(직업),여자,주간,http://www.jeonghwa.hs.kr,024-80 ,서울특별시 동대문구 홍릉로15길 50 정화여자상업고등학교 (제기동),02-967-0178,7,7,6,0,0,20,120,120,129,129,93,93,0,0,0,0,342,342,45,29,32,22,13,7,5,2,46
서울시,동대문구,청량고등학교,공립,일반고,남여공학,주간,http://www.chungryang.hs.kr,024-61 ,서울특별시 동대문구 왕산로 303 (청량리동. 청량고등학교),02-959-4363,10,10,11,0,3,34,251,99,267,107,270,122,0,0,11,2,799,330,77,56,68,50,9,6,5,2,56
서울시,동대문구,해성국제컨벤션고등학교,사립,특성화고(직업),여자,주간,http://haesung.sen.hs.kr,025-05 ,서울특별시 동대문구 전농로20길 31 . 해성국제컨벤션고등학교 (전농동),070-8786-1313,8,9,9,0,0,26,168,168,198,198,200,200,0,0,0,0,566,566,61,35,45,24,16,11,6,0,46
서울시,동대문구,해성여자고등학교,사립,일반고,여자,주간,http://haesung-g.hs.kr,025-05 ,서울특별시 동대문구 전농로20길 31 (전농동.해성여자고등학교),070-8786-1313,8,8,8,0,3,27,192,192,197,197,215,215,0,0,12,12,616,616,58,31,43,20,15,11,6,2,50
서울시,동대문구,휘경공업고등학교,공립,특성화고(직업),남여공학,주간,http://www.hgt.hs.kr,025-11 ,서울특별시 동대문구 겸재로 21 . 휘경공업고등학교 (휘경동),02-2216-3643,7,9,9,0,0,25,71,6,87,8,90,7,0,0,0,0,248,21,62,20,58,16,4,4,10,3,79
서울시,동대문구,휘경여자고등학교,사립,일반고,여자,주간,http://hwikyung.sen.hs.kr,025-03 ,서울특별시 동대문구 한천로 247 (휘경동.휘경여자고등학교),02-2245-2307,10,10,11,0,0,31,223,223,237,237,270,270,0,0,0,0,730,730,69,36,49,23,20,13,7,2,55
서울시,동대문구,휘봉고등학교,공립,일반고,남여공학,주간,http://hwibong.sen.hs.kr,025-11 ,서울특별시 동대문구 한천로 290 (휘경동),02-2116-7211,6,6,6,0,3,21,139,68,151,72,141,66,0,0,12,3,443,209,53,37,45,32,8,5,5,3,36
서울시,중랑구,면목고등학교,공립,일반고,남자,주간,http://www.mmhs.hs.kr,021-93 ,서울특별시 중랑구 용마산로72길 36-14 (면목동.면목고등학교),02-435-0002,8,8,9,0,3,28,174,0,189,0,180,0,0,0,17,0,560,0,65,48,57,42,8,6,7,2,47
서울시,중랑구,송곡고등학교,사립,일반고,남자,주간,http://www.sg.hs.kr,020-62 ,서울특별시 중랑구 양원역로 50 (망우동),02-435-0660,9,9,10,0,0,28,210,0,202,0,217,0,0,0,0,0,629,0,58,22,37,11,21,11,6,1,44
서울시,중랑구,송곡관광고등학교,사립,특성화고(직업),여자,주간,http://www.sgi.hs.kr,020-57 ,서울특별시 중랑구 양원역로 67 . 송곡관광고등학교 (망우동),02-6077-9461,6,7,7,0,0,20,115,115,154,154,164,164,0,0,0,0,433,433,45,31,28,18,17,13,5,0,31
서울시,중랑구,송곡여자고등학교,사립,일반고,여자,주간,http://www.songgok.hs.kr,020-57 ,서울특별시 중랑구 양원역로 67 . 송곡여자고등학교 (망우동),070-7124-3607,9,9,10,0,3,31,199,199,231,231,229,229,0,0,17,17,676,676,62,36,41,22,21,14,6,1,61
서울시,중랑구,신현고등학교,공립,일반고,남여공학,주간,http://shinhyeon.sen.hs.kr,020-75 ,서울특별시 중랑구 봉화산로 174 . 신현고등학교 (상봉동),02-3422-2713,8,8,8,0,3,27,184,84,189,96,188,96,0,0,17,3,578,279,62,49,51,40,11,9,7,4,46
서울시,중랑구,원묵고등학교,공립,일반고,남여공학,주간,http://wonmook.sen.hs.kr,020-41 ,서울특별시 중랑구 숙선옹주로 82 . 원묵고등학교 (묵동),02-3422-3573,8,8,9,0,0,25,192,86,217,110,235,111,0,0,0,0,644,307,58,45,52,40,6,5,4,2,45
서울시,중랑구,이화여자대학교병설미디어고등학교,사립,특성화고(직업),여자,주간,http://www.ewhamedia.hs.kr,020-61 ,서울특별시 중랑구 망우로73길 56 (망우동. 이화여대병설미디어고등학교.영란여중학교),02-2209-0142,8,8,8,0,0,24,162,162,182,182,193,193,0,0,0,0,537,537,56,30,39,20,17,10,5,0,47
서울시,중랑구,중화고등학교,공립,일반고,남여공학,주간,http://jung-hwa.sen.hs.kr,020-47 ,서울특별시 중랑구 봉화산로27길 62 (중화동. 중화고등학교),02-491-6807,7,7,8,0,3,25,156,79,179,108,191,99,0,0,15,2,541,288,54,37,48,33,6,4,4,2,44
서울시,중랑구,태릉고등학교,공립,일반고,남여공학,주간,http://taereung.sen.hs.kr,020-21 ,서울특별시 중랑구 신내로23길 36 . 태릉고등학교 (묵동),02-6211-8585,9,9,9,0,3,30,219,89,241,112,242,109,0,0,9,3,711,313,68,38,58,32,10,6,5,3,46
서울시,중랑구,혜원여자고등학교,사립,일반고,여자,주간,http://hyewon.sen.hs.kr,021-74 ,서울특별시 중랑구 봉우재로58길 39 (망우동),02-434-6969,9,9,10,0,0,28,176,176,197,197,214,214,0,0,0,0,587,587,63,30,58,29,5,1,6,3,52
서울시,성북구,경동고등학교,공립,일반고,남자,주간,http://kyungdong.sen.hs.kr,028-70 ,서울특별시 성북구 보문로29길 49 (삼선동3가. 경동고등학교),02-928-2353,8,8,7,0,3,26,170,0,188,0,166,0,0,0,9,0,533,0,60,36,52,29,8,7,6,3,43
서울시,성북구,계성고등학교,사립,일반고,남여공학,주간,http://gyeseong.hs.kr,027-20 ,서울특별시 성북구 길음로 63 계성고등학교 (길음동),02-728-6144,10,10,10,0,3,33,251,158,253,159,282,182,0,0,16,7,802,506,70,41,51,24,19,17,5,2,52
서울시,성북구,고려대학교사범대학부속고등학교,사립,일반고,남자,주간,http://koreahi.sen.hs.kr,027-08 ,서울특별시 성북구 정릉로 161 (정릉동),02-914-7483,9,9,9,0,0,27,217,0,238,0,251,0,0,0,0,0,706,0,63,25,54,20,9,5,6,2,41
서울시,성북구,고명외식고등학교,사립,특성화고(직업),남여공학,주간,http://www.komyung.hs.kr,028-28 ,서울특별시 성북구 북악산로 870 . 고명경영고 (돈암동),02-928-8366,8,8,7,0,0,23,176,103,175,96,145,61,0,0,0,0,496,260,49,27,21,15,28,12,5,4,35
서울시,성북구,대일외국어고등학교,사립,특수목적고,남여공학,주간,http://www.daeil.or.kr,027-13 ,서울특별시 성북구 서경로 116 대일외국어고등학교 (정릉동),02-940-1000,10,10,10,0,0,30,242,187,256,190,240,183,0,0,0,0,738,560,67,34,42,17,25,17,5,1,54
서울시,성북구,동구마케팅고등학교,사립,특성화고(직업),여자,주간,http://donggoo.hs.kr,028-34 ,서울특별시 성북구 성북로8길 71 . 동구마케팅고등학교 (성북동),02-2170-8683,6,8,10,0,0,24,113,113,152,152,205,205,0,0,0,0,470,470,55,40,43,31,12,9,6,1,37
서울시,성북구,서울대학교사범대학부설고등학교,국립,일반고,남여공학,주간,http://www.snu.hs.kr,027-96 ,서울특별시 성북구 월곡로 6 (종암동),02-913-7305,8,8,8,0,3,27,215,108,225,112,245,122,0,0,24,3,709,345,73,43,56,35,17,8,4,2,84
서울시,성북구,서울도시과학기술고등학교,공립,특수목적고,남여공학,주간,http://sust.sen.hs.kr,027-36 ,서울특별시 성북구 종암로 196 (하월곡동.서울도시과학기술고등학교),02-940-2500,7,7,7,0,0,21,129,9,134,15,130,14,0,0,0,0,393,38,67,29,60,25,7,4,10,2,120
서울시,성북구,석관고등학교,공립,일반고,남여공학,주간,http://seokgwan.sen.hs.kr,027-82 ,서울특별시 성북구 한천로70길 30 . 석관고등학교 (석관동),02-958-1000,9,9,9,0,0,27,212,123,213,122,242,127,0,0,0,0,667,372,65,37,54,31,11,6,6,3,48
서울시,성북구,성신여자고등학교,사립,일반고,여자,주간,http://www.sungshin.sen.hs.kr,028-40 ,서울특별시 성북구 동소문로26가길 80 (돈암동),02-6930-9113,9,9,10,0,0,28,189,189,209,209,235,235,0,0,0,0,633,633,62,32,50,24,12,8,6,1,41
서울시,성북구,용문고등학교,사립,일반고,남자,주간,http://yongmoon.sen.hs.kr,028-43 ,서울특별시 성북구 고려대로17가길 46 (안암동2가. 용문중고등학교),02-928-3871,11,11,11,0,0,33,266,0,293,0,324,0,0,0,0,0,883,0,73,19,58,11,15,8,6,2,47
서울시,성북구,한성여자고등학교,사립,일반고,여자,주간,http://www.hansung-g.hs.kr,028-76 ,서울특별시 성북구 삼선교로16길 117 . 한성여자고등학교 (삼선동2가),02-742-2845,9,9,9,0,0,27,193,193,227,227,247,247,0,0,0,0,667,667,62,41,40,25,22,16,5,0,36
서울시,성북구,홍익대학교사범대학부속고등학교,사립,일반고,남자,주간,http://www.hongik.hs.kr,028-35 ,서울특별시 성북구 성북로14가길 23 (성북동.홍익대학교부속중고등학교),02-762-0826,6,6,6,0,0,18,92,0,101,0,123,0,0,0,0,0,316,0,43,21,35,15,8,6,5,2,36
서울시,강북구,미양고등학교,공립,일반고,남여공학,주간,http://mi-yang.sen.hs.kr,011-90 ,서울특별시 강북구 인수봉로 39 . 미양고등학교 (미아동),02-982-6104,7,7,7,0,3,24,142,58,173,74,192,79,0,0,15,5,522,216,58,40,45,30,13,10,5,2,38
서울시,강북구,삼각산고등학교,공립,일반고,남여공학,주간,http://samgaksan.sen.hs.kr,011-99 ,서울특별시 강북구 삼양로19길 40 (미아동.삼각산고등학교),02-980-2290,8,8,8,0,3,27,191,97,187,96,201,101,0,0,9,3,588,297,62,50,48,40,14,10,6,4,43
서울시,강북구,성암국제무역고등학교,사립,특성화고(직업),여자,주간,http://www.seongam.hs.kr,011-74 ,서울특별시 강북구 도봉로29길 52 (미아동. 성암국제무역고등학교),02-2179-1813,8,7,8,0,0,23,151,151,156,156,179,179,0,0,0,0,486,486,52,33,35,19,17,14,5,2,31
서울시,강북구,신일고등학교,사립,자율고,남자,주간,http://www.shin-il.hs.kr,011-33 ,서울특별시 강북구 솔매로49길 20 (미아동.신일중고등학교),02-989-4151,11,11,11,0,0,33,350,0,342,0,343,0,0,0,0,0,1035,0,63,10,49,2,14,8,6,3,62
서울시,강북구,영훈고등학교,사립,일반고,남여공학,주간,http://www.younghoon.hs.kr,012-11 ,서울특별시 강북구 도봉로13가길 19 (미아동. 영훈학교),02-944-7918,12,12,12,0,0,36,313,162,331,169,356,178,0,0,0,0,1000,509,79,37,58,21,21,16,6,2,49
서울시,강북구,창문여자고등학교,사립,일반고,여자,주간,http://www.changmun.hs.kr,012-37 ,서울특별시 강북구 월계로 61 . 창문여자고등학교 (미아동),02-986-1701,12,12,12,0,3,39,287,287,329,329,337,337,0,0,16,16,969,969,81,53,60,35,21,18,6,2,65
서울시,강북구,혜화여자고등학교,공립,일반고,여자,주간,http://hyehwa-h.sen.hs.kr,010-95 ,서울특별시 강북구 인수봉로 127 (수유동. 혜화여자고등학교),02-987-8342,8,8,9,0,3,28,194,194,214,214,226,226,0,0,4,4,638,638,61,46,52,39,9,7,7,3,53
서울시,도봉구,누원고등학교,공립,일반고,남여공학,주간,http://noowon.sen.hs.kr,013-18 ,서울특별시 도봉구 마들로 849 . 누원고등학교 (도봉동),02-3492-7595,7,7,7,0,0,21,118,61,157,66,148,70,0,0,0,0,423,197,49,29,42,25,7,4,7,4,44
서울시,도봉구,도봉고등학교,공립,일반고,남여공학,주간,http://db2004.sen.hs.kr,013-02 ,서울특별시 도봉구 도봉산길 27 (도봉동.도봉고등학교),02-3491-4283,5,5,5,0,3,18,63,36,92,51,77,46,0,0,14,2,246,135,41,28,32,21,9,7,7,4,32
서울시,도봉구,서울문화고등학교,공립,특성화고(직업),남여공학,주간,http://seoulculture.sen.hs.kr,013-38 ,서울특별시 도봉구 마들로 598 . 서울문화고등학교 (방학동),02-955-9100,8,10,10,0,3,31,114,54,165,82,176,85,0,0,22,6,477,227,69,46,50,35,19,11,6,3,41
서울시,도봉구,서울외국어고등학교,사립,특수목적고,남여공학,주간,http://www.sfl.hs.kr,014-89 ,서울특별시 도봉구 덕릉로66길 22 (창동),070-7602-3450,10,10,10,0,0,30,232,173,224,167,209,139,0,0,0,0,665,479,53,18,39,8,14,10,6,3,37
서울시,도봉구,선덕고등학교,사립,자율고,남자,주간,http://www.sunduck.hs.kr,013-75 ,서울특별시 도봉구 시루봉로 53 .  선덕고등학교 (쌍문동),02-998-0927,11,11,11,0,0,33,381,0,362,0,355,0,0,0,0,0,1098,0,74,28,51,15,23,13,5,2,45
서울시,도봉구,세그루패션디자인고등학교,사립,특성화고(직업),여자,주간,http://www.sfd.hs.kr,013-75 ,서울특별시 도봉구 시루봉로 53 세그루패션디자인고등학교(쌍문동),02-993-0114,8,8,8,0,0,24,153,153,174,174,186,186,0,0,0,0,513,513,56,34,38,22,18,12,5,1,33
서울시,도봉구,자운고등학교,공립,일반고,남여공학,주간,http://jawoon.sen.hs.kr,014-12 ,서울특별시 도봉구 노해로69길 150 (창동),02-998-2929,9,9,10,0,0,28,194,86,238,98,227,97,0,0,0,0,659,281,62,42,53,36,9,6,5,2,44
서울시,도봉구,정의여자고등학교,사립,일반고,여자,주간,http://jeongeui.hs.kr,014-38 ,서울특별시 도봉구 노해로49길 69 (쌍문동),02-992-5104,11,11,12,0,0,34,224,224,240,240,261,261,0,0,0,0,725,725,74,49,49,30,25,19,6,3,69
서울시,도봉구,창동고등학교,공립,일반고,남여공학,주간,http://changdong.hs.kr,014-83 ,서울특별시 도봉구 노해로62길 7 (창동. 창동고등학교),02-3146-0600,13,13,13,0,3,42,337,157,361,143,358,145,0,0,20,6,1076,451,95,72,82,61,13,11,6,2,57
서울시,도봉구,효문고등학교,공립,일반고,남여공학,주간,http://www.hyomun.hs.kr,013-72 ,서울특별시 도봉구 우이천로 432 (쌍문동.효문중 고등학교),02-992-0778,7,7,7,0,3,24,141,77,148,81,152,74,0,0,13,2,454,234,56,39,47,35,9,4,7,3,35
서울시,노원구,경기기계공업고등학교,공립,특성화고(직업),남여공학,주간,http://ggmt.sen.hs.kr,018-10 ,서울특별시 노원구 공릉로 264 (하계동),02-2289-1658,17,17,17,0,3,54,282,3,349,10,389,2,0,0,8,0,1028,15,149,55,126,43,23,12,13,4,155
서울시,노원구,광운전자공업고등학교,사립,특성화고(직업),남자,주간,http://kwangwoon.sen.hs.kr,018-90 ,서울특별시 노원구 광운로1길 24 (월계동.광운중학교/전자공업고등학교),02-918-7761,10,10,10,0,0,30,167,0,192,0,200,0,0,0,0,0,559,0,81,23,60,12,21,11,7,1,56
서울시,노원구,노원고등학교,공립,일반고,남여공학,주간,http://nowon.sen.hs.kr,016-75 ,서울특별시 노원구 노원로 586 (상계동),02-937-0079,8,8,9,0,1,26,172,87,182,92,197,86,0,0,4,1,555,266,59,42,50,36,9,6,5,2,43
서울시,노원구,대진고등학교,사립,일반고,남자,주간,http://daejin.sen.hs.kr,018-07 ,서울특별시 노원구 공릉로62가길 47 . 대진고등학교 (하계동),02-8685-3572,12,13,13,0,0,38,269,0,319,0,350,0,0,0,0,0,938,0,81,38,62,28,19,10,6,0,65
서울시,노원구,대진여자고등학교,사립,일반고,여자,주간,http://www.daejinw.sen.hs.kr,017-85 ,서울특별시 노원구 공릉로 438 . 대진여자고등학교 (중계동),02-979-2327,13,13,13,0,0,39,295,295,334,334,334,334,0,0,0,0,963,963,85,54,73,46,12,8,6,1,53
서울시,노원구,미래산업과학고등학교,사립,특성화고(직업),남여공학,주간,http://mist.sen.hs.kr,017-17 ,서울특별시 노원구 덕릉로82길 54 (중계동),02-933-7671,8,8,8,0,0,24,172,51,186,62,196,59,0,0,0,0,554,172,65,13,50,7,15,6,6,2,42
서울시,노원구,불암고등학교,공립,일반고,남여공학,주간,http://buram.sen.hs.kr,017-36 ,서울특별시 노원구 중계로 155 (중계동),02-936-7500,11,11,11,0,3,36,256,127,299,142,280,139,0,0,20,8,855,416,78,48,68,38,10,10,8,3,59
서울시,노원구,상계고등학교,공립,일반고,남자,주간,http://sanggye.sen.hs.kr,017-61 ,서울특별시 노원구 노해로 432 (상계동. 상계고등학교),070-8678-2506,10,11,11,0,2,34,223,0,278,0,278,0,0,0,8,0,787,0,74,52,66,44,8,8,5,4,54
서울시,노원구,상명고등학교,사립,일반고,남여공학,주간,http://www.sangmyung.sen.hs.kr,017-58 ,서울특별시 노원구 덕릉로 553 . 상명고등학교 (중계동),02-971-6211,11,11,11,0,0,33,265,129,296,135,295,144,0,0,0,0,856,408,71,26,53,22,18,4,5,1,62
서울시,노원구,서라벌고등학교,사립,일반고,남자,주간,http://sorabol.sen.hs.kr/index.do,017-45 ,서울특별시 노원구 한글비석로5길 18 . (중계1동 313. 서라벌고등학교),02-2092-2280,14,14,14,0,0,42,334,0,369,0,380,0,0,0,0,0,1083,0,85,23,49,5,36,18,5,4,53
서울시,노원구,서울동산고등학교,사립,특성화고(직업),남여공학,주간,http://seouldongsan.sen.hs.kr,018-32 ,서울특별시 노원구 공릉로 257 (공릉동),02-971-0903,15,15,14,0,0,44,321,187,334,201,304,202,0,0,0,0,959,590,98,58,62,33,36,25,7,1,59
서울시,노원구,서울아이티고등학교,사립,특성화고(직업),남여공학,주간,http://www.seoulit.sen.hs.kr,017-73 ,서울특별시 노원구 섬밭로 299 (중계동.서울아이티고등학교),070-7606-4893,10,10,10,0,0,30,192,19,215,27,200,42,0,0,0,0,607,88,76,31,55,16,21,15,10,2,58
서울시,노원구,수락고등학교,공립,일반고,남여공학,주간,http://surak.sen.hs.kr,016-02 ,서울특별시 노원구 동일로245길 143 (상계동. 수락고등학교),070-8677-2106,8,8,9,0,3,28,165,83,175,84,177,94,0,0,13,4,530,265,64,48,55,41,9,7,6,3,44
서울시,노원구,염광고등학교,사립,일반고,남여공학,주간,http://yumkwang.hs.kr,018-74 ,서울특별시 노원구 월계로45가길 9 . 염광고등학교 (월계동),02-994-0121,9,9,10,0,0,28,187,97,236,125,259,143,0,0,0,0,682,365,60,34,36,18,24,16,6,3,55
서울시,노원구,염광여자메디텍고등학교,사립,특성화고(직업),여자,주간,http://www.ykm.hs.kr,018-74 ,서울특별시 노원구 월계로45가길 9 . 염광여자메디텍고등학교 (월계동.염광 중/고등/여자메디텍고등학교),02-994-3104,7,6,7,0,2,22,128,128,126,126,162,162,0,0,6,6,422,422,54,37,26,14,28,23,6,3,37
서울시,노원구,영신간호비즈니스고등학교,사립,특성화고(직업),여자,주간,http://www.youngshin.hs.kr,017-22 ,서울특별시 노원구 중계로16나길 13 영신간호비즈니스고등학교 (중계동),02-930-8453,9,9,9,0,0,27,159,159,180,180,206,206,0,0,0,0,545,545,63,49,36,23,27,26,6,1,45
서울시,노원구,영신여자고등학교,사립,일반고,여자,주간,http://www.ys.hs.kr,017-21 ,서울특별시 노원구 중계로16나길 13 . 영신여자고등학교 (중계동),02-930-8455,11,11,12,0,3,37,247,247,279,279,287,287,0,0,13,13,826,826,79,48,63,37,16,11,6,1,59
서울시,노원구,용화여자고등학교,사립,일반고,여자,주간,http://www.yonghwa.hs.kr/,016-87 ,서울특별시 노원구 동일로 1461 .용화여자고등학교 (상계동),02-950-3523,12,12,13,0,0,37,250,250,295,295,262,262,0,0,0,0,807,807,80,43,58,28,22,15,6,1,51
서울시,노원구,월계고등학교,공립,일반고,남여공학,주간,http://wg.sen.hs.kr,018-74 ,서울특별시 노원구 초안산로5길 66 (월계동.월계고등학교),02-908-0062,8,8,9,0,3,28,159,78,173,80,187,81,0,0,14,3,533,242,60,45,51,39,9,6,5,3,44
서울시,노원구,인덕과학기술고등학교,사립,특성화고(직업),남여공학,주간,http://www.induk.sen.hs.kr,018-78 ,서울특별시 노원구 초안산로 12 . 인덕과학기술고등학교 (월계동),02-902-2060,10,10,10,0,0,30,218,44,224,37,205,31,0,0,0,0,647,112,78,22,48,9,30,13,9,1,73
서울시,노원구,재현고등학교,사립,일반고,남자,주간,http://jaehyun.sen.hs.kr,017-17 ,서울특별시 노원구 덕릉로82길 64 . 재현고등학교 (중계동),070-7465-0320,12,12,12,0,0,36,275,0,324,0,317,0,0,0,0,0,916,0,78,25,60,17,18,8,5,1,54
서울시,노원구,청원고등학교,사립,일반고,남자,주간,http://cheongwon.sen.hs.kr,016-72 ,서울특별시 노원구 한글비석로 506 . 청원고등학교 (상계동),02-3399-7706,15,15,15,0,0,45,348,0,385,0,402,0,0,0,0,0,1135,0,96,47,71,29,25,18,5,1,50
서울시,노원구,청원여자고등학교,사립,일반고,여자,주간,http://cheongwon-gh.sen.hs.kr,016-72 ,서울특별시 노원구 한글비석로 506 . 청원여자고등학교 (상계동.청원초/중/고등학교),02-3399-7713,12,12,13,0,0,37,303,303,322,322,334,334,0,0,0,0,959,959,87,51,67,41,20,10,6,3,58
서울시,노원구,한국삼육고등학교,사립,일반고,남여공학,주간,http://www.sahmyook.hs.kr,017-95 ,서울특별시 노원구 화랑로 815 (공릉동),02-6395-3636,6,6,6,0,0,18,153,64,155,77,146,64,0,0,0,0,454,205,44,24,35,17,9,7,5,2,28
서울시,노원구,혜성여자고등학교,사립,일반고,여자,주간,http://www.hyesung.hs.kr,017-49 ,서울특별시 노원구 노원로16길 2 (하계동.혜성여자고등학교),02-972-4040,12,12,12,0,0,36,286,286,319,319,331,331,0,0,0,0,936,936,77,47,57,31,20,16,5,2,47
서울시,은평구,대성고등학교,사립,일반고,남자,주간,http://www.dae-sung.hs.kr,033-22 ,서울특별시 은평구 갈현로29길 51-24 . 대성고등학교 (갈현동),02-6252-1010,11,11,10,0,0,32,270,0,292,0,294,0,0,0,0,0,856,0,70,28,42,10,28,18,6,3,40
서울시,은평구,동명생활경영고등학교,사립,특성화고(직업),여자,주간,http://dmgcab.sen.hs.kr/,033-90 ,서울특별시 은평구 통일로 793 (대조동),02-383-2628,4,5,5,0,0,14,75,75,102,102,113,113,0,0,0,0,290,290,33,28,24,19,9,9,5,3,27
서울시,은평구,동명여자고등학교,사립,일반고,여자,주간,http://dongmyung.sen.hs.kr,033-90 ,서울특별시 은평구 통일로 793 (대조동. 동명여자고등학교),02-385-0652,12,12,12,0,3,39,278,278,322,322,339,339,0,0,21,21,960,960,76,48,55,32,21,16,6,3,56
서울시,은평구,선일여자고등학교,사립,일반고,여자,주간,http://www.sunil.hs.kr,033-22 ,서울특별시 은평구 갈현로29길 27 선일여자고등학교(갈현동),02-355-9994,11,11,10,0,0,32,217,217,252,252,251,251,0,0,0,0,720,720,66,42,47,33,19,9,6,4,45
서울시,은평구,선일이비즈니스고등학교,사립,특성화고(직업),여자,주간,http://www.ebiz.hs.kr,033-22 ,서울특별시 은평구 갈현로29길 27 . 선일이비즈니스고등학교 (갈현동),02-352-8025,7,8,9,0,0,24,116,116,164,164,183,183,0,0,0,0,463,463,54,33,35,22,19,11,6,2,25
서울시,은평구,선정고등학교,사립,일반고,남여공학,주간,http://www.sunjung.hs.kr,033-27 ,서울특별시 은평구 서오릉로20길 19 . 선정고등학교 (갈현동),02-3156-1716,14,14,13,0,0,41,367,191,374,203,375,192,0,0,0,0,1116,586,85,49,52,25,33,24,6,1,58
서울시,은평구,선정국제관광고등학교,사립,특성화고(직업),남여공학,주간,http://www.sjt.hs.kr,033-27 ,서울특별시 은평구 서오릉로20길 19 . 선정국제관광고등학교 (갈현동),02-3156-1618,5,5,5,0,0,15,97,53,91,91,111,111,0,0,0,0,299,255,39,26,21,13,18,13,5,0,19
서울시,은평구,세명컴퓨터고등학교,사립,특성화고(직업),남여공학,주간,http://www.smc.hs.kr,033-37 ,서울특별시 은평구 통일로92가길 33 (불광동.세명컴퓨터고등학교),02-354-1321,9,9,9,0,0,27,200,15,205,19,224,22,0,0,0,0,629,56,69,30,43,18,26,12,7,2,58
서울시,은평구,숭실고등학교,사립,일반고,남자,주간,http://soongsil.sen.hs.kr,034-45 ,서울특별시 은평구 은평터널로7길 6 (신사동),02-373-5910,13,13,12,0,3,41,323,0,341,0,336,0,0,0,18,0,1018,0,87,26,62,13,25,13,6,2,61
서울시,은평구,신도고등학교,공립,일반고,남여공학,주간,http://sindo.sen.hs.kr,033-12 ,서울특별시 은평구 통일로 961 (진관동),02-3157-0021,8,8,8,0,3,27,174,81,202,97,176,89,0,0,17,2,569,269,64,44,52,35,12,9,5,4,36
서울시,은평구,신진과학기술고등학교,사립,특성화고(직업),남여공학,주간,http://shinjin.sen.hs.kr,034-53 ,서울특별시 은평구 은평로6길 16 (응암동.학교법인신진학원),02-385-3451,8,7,8,0,0,23,169,24,129,6,166,5,0,0,0,0,464,35,62,16,40,8,22,8,5,2,56
서울시,은평구,예일디자인고등학교,사립,특성화고(직업),여자,주간,http://yaledesign.sen.hs.kr,034-12 ,서울특별시 은평구 연서로 117 . 예일디자인고등학교 (구산동),02-380-0865,8,8,8,0,0,24,184,184,188,188,207,207,0,0,0,0,579,579,56,41,40,29,16,12,5,2,30
서울시,은평구,예일여자고등학교,사립,일반고,여자,주간,http://www.yale.hs.kr,034-12 ,서울특별시 은평구 연서로 117 . 예일여자고등학교 (구산동),02-380-0812,12,12,12,0,0,36,232,232,306,306,300,300,0,0,0,0,838,838,84,66,67,51,17,15,6,3,71
서울시,은평구,은평고등학교,공립,일반고,남여공학,주간,http://ep.sen.hs.kr,034-28 ,서울특별시 은평구 갈현로15길 51 (구산동),02-383-0872,7,7,7,0,3,24,140,74,153,82,171,91,0,0,15,5,479,252,51,35,42,28,9,7,5,4,30
서울시,은평구,은평메디텍고등학교,사립,특성화고(직업),남여공학,주간,http://www.eunpyeong.hs.kr,033-06 ,서울특별시 은평구 진관2로 57-57 (진관동.은평메디텍고등학교),070-402-0681,8,8,8,0,0,24,148,37,142,45,152,61,0,0,0,0,442,143,64,23,45,11,19,12,9,3,56
서울시,은평구,진관고등학교,공립,일반고,남여공학,주간,http://jingwan.sen.hs.kr,033-02 ,서울특별시 은평구 진관4로 26 (진관동),02-358-0783,10,10,10,0,2,32,241,110,280,140,282,134,0,0,8,2,811,386,66,45,61,41,5,4,5,3,48
서울시,은평구,충암고등학교,사립,일반고,남자,주간,http://www.cham.hs.kr,034-81 ,서울특별시 은평구 가좌로5길 5 (응암동),02-309-0236,13,13,13,0,0,39,339,0,354,0,376,0,0,0,0,0,1069,0,85,46,67,35,18,11,5,3,45
서울시,은평구,하나고등학교,사립,자율고,남여공학,주간,http://www.hana.hs.kr,033-05 ,서울특별시 은평구 연서로 535 . 하나고등학교 (진관동),02-6913-1704,8,8,8,0,0,24,209,105,204,103,198,101,0,0,0,0,611,309,61,32,35,14,26,18,8,5,49
서울시,서대문구,가재울고등학교,공립,일반고,남여공학,주간,http://gajaeul.sen.hs.kr,037-09 ,서울특별시 서대문구 수색로 100-35 (북가좌동),02-6351-0500,8,8,8,0,3,27,194,104,221,113,207,108,0,0,18,4,640,329,65,48,55,42,10,6,6,2,36
서울시,서대문구,명지고등학교,사립,일반고,남여공학,주간,http://myongji.sen.hs.kr,036-56 ,서울특별시 서대문구 명지2길 56 . 명지고등학교 (홍은동),02-303-1540,15,15,15,0,3,48,405,251,410,252,450,270,0,0,18,8,1283,781,97,49,66,27,31,22,7,1,71
서울시,서대문구,이화여자대학교사범대학부속이화금란고등학교,사립,자율고,남여공학,주간,http://www.edaebugo.hs.kr,037-59 ,서울특별시 서대문구 성산로 560 . 이대부속고등학교 (대신동),02-361-6334,12,12,12,0,0,36,351,265,366,245,353,226,0,0,0,0,1070,736,77,40,54,22,23,18,5,3,51
서울시,서대문구,인창고등학교,사립,일반고,남자,주간,http://inchang.sen.hs.kr,037-46 ,서울특별시 서대문구 경기대로 65 . 인창고등학교 (충정로2가),02-360-3735,8,8,8,0,0,24,161,0,192,0,214,0,0,0,0,0,567,0,58,18,46,10,12,8,5,1,49
서울시,서대문구,중앙여자고등학교,사립,일반고,여자,주간,http://jungang-girls.sen.hs.kr,037-62 ,서울특별시 서대문구 북아현로11가길 7 (북아현동),02-362-3062,7,7,7,0,0,21,142,142,176,176,170,170,0,0,0,0,488,488,52,26,40,14,12,12,5,1,41
서울시,서대문구,한성고등학교,사립,일반고,남자,주간,http://www.hanseong.hs.kr,037-71 ,서울특별시 서대문구 북아현로1길 24 (북아현동),02-363-4943,8,8,8,0,0,24,142,0,169,0,178,0,0,0,0,0,489,0,51,13,39,5,12,8,5,0,38
서울시,서대문구,한성과학고등학교,공립,특수목적고,남여공학,주간,http://hansung-sh.hs.kr,037-32 ,서울특별시 서대문구 통일로 279-79 . 한성과학고등학교 (현저동),02-6917-0087,7,7,6,0,0,20,142,27,139,29,91,12,0,0,0,0,372,68,71,46,65,41,6,5,9,3,36
서울시,마포구,경성고등학교,사립,일반고,남자,주간,http://www.gyeongseong.hs.kr,039-77 ,서울특별시 마포구 성미산로 111 . 경성고등학교 (연남동),02-3140-1244,8,8,8,0,0,24,196,0,214,0,227,0,0,0,0,0,637,0,54,28,35,17,19,11,5,1,36
서울시,마포구,광성고등학교,사립,일반고,남자,주간,http://kwangsung.sen.hs.kr,040-97 ,서울특별시 마포구 신수로8길 20 (신수동),02-703-3457,10,10,9,0,0,29,237,0,243,0,267,0,0,0,0,0,747,0,62,31,38,12,24,19,6,1,46
서울시,마포구,상암고등학교,공립,일반고,남여공학,주간,http://sangam.sen.hs.kr,039-03 ,서울특별시 마포구 월드컵북로 445 (상암동),02-373-0041,10,10,10,0,3,33,257,181,278,194,297,179,0,0,20,6,852,560,79,48,67,41,12,7,4,1,45
서울시,마포구,서울디자인고등학교,사립,특성화고(직업),남여공학,주간,http://www.seodi.hs.kr,041-40 ,서울특별시 마포구 백범로 139 서울디자인고등학교,02-716-8211,15,15,13,0,0,43,317,169,325,169,298,176,0,0,0,0,940,514,109,70,50,29,59,41,6,3,80
서울시,마포구,서울여자고등학교,공립,일반고,여자,주간,http://seoulgs.sen.hs.kr,041-40 ,서울특별시 마포구 백범로25길 34 . 서울여자고등학교 (염리동),070-5050-1232,10,10,10,0,3,33,236,236,277,277,284,284,0,0,10,10,807,807,72,55,64,48,8,7,5,4,45
서울시,마포구,숭문고등학교,사립,자율고,남자,주간,http://www.soongmoon.hs.kr,041-26 ,서울특별시 마포구 숭문길 99 (숭문중고등학교. 대흥동),02-718-9546,7,7,7,0,0,21,144,0,162,0,192,0,0,0,0,0,498,0,44,14,37,9,7,5,2,1,32
서울시,마포구,한세사이버보안고등학교,사립,특성화고(직업),남여공학,주간,http://www.hansei.org,041-29 ,서울특별시 마포구 마포대로11길 44-80 (아현동),02-362-0134,4,5,5,0,0,14,90,9,99,10,119,16,0,0,0,0,308,35,34,12,22,3,12,9,6,1,17
서울시,마포구,홍익대학교사범대학부속여자고등학교,사립,일반고,여자,주간,http://www.hongik68.hs.kr,039-67 ,서울특별시 마포구 성미산로 51 (성산동. 여자고등학교),02-331-7584,9,9,8,0,0,26,229,229,252,252,235,235,0,0,0,0,716,716,64,45,38,25,26,20,5,1,46
서울시,마포구,홍익디자인고등학교,사립,특성화고(직업),여자,주간,http://www.hid.hs.kr,039-77 ,서울특별시 마포구 성미산로 111 (연남동),02-3140-1311,5,5,5,0,0,15,112,112,120,120,122,122,0,0,0,0,354,354,35,24,24,15,11,9,5,3,26
서울시,양천구,강서고등학교,사립,일반고,남자,주간,http://gangseo.sen.hs.kr,079-58 ,서울특별시 양천구 목동중앙남로 27 . 강서고등학교 (목동),02-2642-0725,12,12,12,0,0,36,327,0,332,0,345,0,0,0,0,0,1004,0,71,16,45,5,26,11,6,2,45
서울시,양천구,광영고등학교,사립,일반고,남자,주간,http://www.ky.hs.kr,079-09 ,서울특별시 양천구 남부순환로30길 17 광영고등학교 (신월동),02-2650-2306,12,12,13,0,0,37,244,0,302,0,275,0,0,0,0,0,821,0,78,33,59,21,19,12,6,1,47
서울시,양천구,광영여자고등학교,사립,일반고,여자,주간,http://www.kyg.hs.kr,079-09 ,서울특별시 양천구 남부순환로30길 17 . 광영여자고등학교 (신월동),070-4173-6004,12,12,13,0,0,37,250,250,271,271,320,320,0,0,0,0,841,841,81,53,70,45,11,8,6,2,48
서울시,양천구,금옥여자고등학교,공립,일반고,여자,주간,http://geumok.sen.hs.kr,080-80 ,서울특별시 양천구 신정로 213 (신정동),02-2086-7502,9,9,9,0,3,30,233,233,229,229,211,211,0,0,15,15,688,688,66,49,61,46,5,3,4,2,47
서울시,양천구,대일관광고등학교,사립,특성화고(직업),여자,주간,http://daeil-tour.sen.hs.kr,080-51 ,서울특별시 양천구 신정이펜1로 11 . 대일관광고등학교 (신정동. 대일관광고등학교),070-4377-8871,7,8,8,0,0,23,135,135,139,139,147,147,0,0,0,0,421,421,51,22,32,8,19,14,5,1,44
서울시,양천구,목동고등학교,사립,일반고,여자,주간,http://www.mokdong.hs.kr,080-99 ,서울특별시 양천구 목동동로2길 68 . 목동고등학교 (신정동),02-2652-1701,14,14,15,0,0,43,360,360,368,368,380,380,0,0,0,0,1108,1108,94,47,76,38,18,9,6,1,65
서울시,양천구,백암고등학교,사립,일반고,남여공학,주간,http://baegam.sen.hs.kr/,080-80 ,서울특별시 양천구 신정로13길 16 . 백암고등학교 (신정동),070-4630-9705,12,12,12,0,0,36,321,136,327,165,317,163,0,0,0,0,965,464,75,37,55,21,20,16,6,2,50
서울시,양천구,서울금융고등학교,공립,특성화고(직업),남여공학,주간,http://seoulfc.sen.hs.kr,079-09 ,서울특별시 양천구 가로공원로61길 19 . 서울금융고등학교 (신월동),070-7546-5202,7,7,9,0,3,26,104,18,88,24,117,27,0,0,18,6,327,75,55,44,37,33,18,11,7,5,36
서울시,양천구,서울영상고등학교,사립,특성화고(직업),남여공학,주간,http://youngsang.hs.kr,080-21 ,서울특별시 양천구 목동로11길 46 . 서울영상고등학교 (신정동),070-4050-1944,6,6,6,0,0,18,135,84,145,84,143,83,0,0,0,0,423,251,43,26,26,13,17,13,5,1,40
서울시,양천구,신목고등학교,공립,일반고,남여공학,주간,http://shinmok.sen.hs.kr,080-18 ,서울특별시 양천구 안양천로 739 (신정동.신목고등학교),070-8720-5057,13,13,13,0,3,42,344,187,355,188,370,193,0,0,17,4,1086,572,97,73,79,61,18,12,4,3,58
서울시,양천구,신서고등학교,공립,일반고,남여공학,주간,http://sinseo.sen.hs.kr,080-21 ,서울특별시 양천구 은행정로 42 . 신서고등학교 (신정동),02-2690-0025,7,7,7,0,3,24,175,77,172,77,168,82,0,0,20,6,535,242,56,42,48,36,8,6,6,4,30
서울시,양천구,양정고등학교,사립,자율고,남자,주간,http://www.yangchung.hs.kr,079-85 ,서울특별시 양천구 안양천로 1039 (목동.양정고등학교),02-2649-7072,11,11,11,0,0,33,346,0,337,0,345,0,0,0,0,0,1028,0,74,15,64,10,10,5,6,3,86
서울시,양천구,양천고등학교,사립,일반고,남자,주간,http://www.yangcheoncschool.net,081-08 ,서울특별시 양천구 신정로14길 13 (신정동.양천고등학교),02-2605-5996,11,11,11,0,0,33,295,0,297,0,307,0,0,0,0,0,899,0,68,29,36,9,32,20,5,1,41
서울시,양천구,진명여자고등학교,사립,일반고,여자,주간,http://www.jm.hs.kr,080-02 ,서울특별시 양천구 목동로 170 . 진명여자고등학교 (목동),02-2643-1711,15,15,15,0,0,45,408,408,420,420,427,427,0,0,0,0,1255,1255,106,74,63,39,43,35,4,1,63
서울시,양천구,한가람고등학교,사립,자율고,남여공학,주간,http://www.hangaram.hs.kr,079-84 ,서울특별시 양천구 목동서로 15 한가람고등학교 (목동),02-2642-3862,6,8,8,0,0,22,189,98,249,128,243,126,0,0,0,0,681,352,47,22,43,19,4,3,3,2,30
서울시,강서구,강서공업고등학교,공립,특성화고(직업),남여공학,주간,http://gangseo-th.hs.kr,075-14 ,서울특별시 강서구 방화대로47길 9 (방화동.강서공업고등학교),02-2666-2106,8,8,8,0,0,24,137,28,169,25,171,21,0,0,0,0,477,74,67,36,49,26,18,10,7,3,27
서울시,강서구,경복비즈니스고등학교,사립,특성화고(직업),여자,주간,http://www.kbb.hs.kr,075-89 ,서울특별시 강서구 화곡로 379 (등촌동131),02-3661-3677,7,9,9,0,0,25,131,131,203,203,198,198,0,0,0,0,532,532,57,38,40,25,17,13,7,3,36
서울시,강서구,경복여자고등학교,사립,일반고,여자,주간,http://www.kb.hs.kr,075-89 ,서울특별시 강서구 화곡로63길 40 (등촌동),070-8855-6833,8,8,8,0,0,24,202,202,216,216,225,225,0,0,0,0,643,643,53,30,43,21,10,9,5,2,39
서울시,강서구,공항고등학교,공립,일반고,남여공학,주간,http://konghang.sen.hs.kr,075-97 ,서울특별시 강서구 방화대로34길 43 (마곡동. 공항고등학교),02-2664-6874,8,8,8,0,2,26,208,105,218,111,200,98,0,0,7,4,633,318,61,40,52,34,9,6,5,3,40
서울시,강서구,대일고등학교,사립,일반고,남자,주간,http://www.daeil.hs.kr,076-72 ,서울특별시 강서구 등촌로 105 (등촌동.대일고등학교),070-4020-6440,13,13,14,0,0,40,320,0,341,0,356,0,0,0,0,0,1017,0,81,34,53,13,28,21,6,1,46
서울시,강서구,덕원여자고등학교,사립,일반고,여자,주간,http://www.deokwon.hs.kr,076-40 ,서울특별시 강서구 강서로45길 91-44 . 덕원여자고등학교 (내발산동),02-2660-7809,14,14,14,0,0,42,292,292,364,364,389,389,0,0,0,0,1045,1045,89,50,56,30,33,20,6,2,53
서울시,강서구,덕원예술고등학교,사립,특수목적고,남여공학,주간,http://dwarts.sen.hs.kr,076-40 ,서울특별시 강서구 강서로45길 91-44 . 덕원예술고등학교 (내발산동),02-2660-7906,5,5,5,0,0,15,171,147,197,176,196,166,0,0,0,0,564,489,37,21,29,18,8,3,5,2,93
서울시,강서구,동양고등학교,사립,일반고,남자,주간,http://www.dongyang.hs.kr,075-29 ,서울특별시 강서구 허준로 50 (가양동.동양고등학교),02-2657-0878,7,7,7,0,0,21,157,0,171,0,145,0,0,0,0,0,473,0,48,19,37,12,11,7,5,1,50
서울시,강서구,등촌고등학교,공립,일반고,남여공학,주간,http://dch.sen.hs.kr,075-80 ,서울특별시 강서구 공항대로39길 115 . 등촌고등학교 (등촌동),02-3665-6045,8,8,9,0,3,28,166,103,172,98,189,117,0,0,8,1,535,319,67,45,53,36,14,9,5,3,46
서울시,강서구,마포고등학교,사립,일반고,남자,주간,http://www.mapo.hs.kr,075-76 ,서울특별시 강서구 화곡로 403 (등촌동.마포고등학교),02-3663-2583,10,10,10,0,0,30,248,0,275,0,300,0,0,0,0,0,823,0,66,23,53,13,13,10,6,2,76
서울시,강서구,명덕고등학교,사립,일반고,남자,주간,http://www.myungduk.hs.kr,076-33 ,서울특별시 강서구 강서로47길 34-10 . 명덕고등학교 (내발산동),02-2664-8817,10,10,11,0,0,31,239,0,263,0,281,0,0,0,0,0,783,0,64,15,53,8,11,7,6,2,43
서울시,강서구,명덕여자고등학교,사립,일반고,여자,주간,http://www.mdgh.hs.kr,076-33 ,서울특별시 강서구 강서로47길 34-10 (내발산동),02-2664-8814,13,14,14,0,0,41,325,325,352,352,400,400,0,0,0,0,1077,1077,86,52,71,45,15,7,6,2,61
서울시,강서구,명덕외국어고등학교,사립,특수목적고,남여공학,주간,http://www.mdfh.or.kr,076-33 ,서울특별시 강서구 강서로47길 34-10 . 명덕외국어고등학교 (내발산동.명덕여자고등학교),02-2665-8821,10,10,10,0,0,30,247,191,254,197,230,178,0,0,0,0,731,566,64,37,48,23,16,14,7,2,43
서울시,강서구,서울신정고등학교,사립,특성화고(직업),여자,주간,http://shinjeong.sen.hs.kr,077-36 ,서울특별시 강서구 등촌로13아길 20 (화곡동. 서울신정고등학교),02-2644-3543,8,8,7,0,0,23,139,139,138,138,108,108,0,0,0,0,385,385,51,34,29,17,22,17,5,2,38
서울시,강서구,서울항공비즈니스고등학교,사립,특성화고(직업),남여공학,주간,http://www.sab.hs.kr,075-97 ,서울특별시 강서구 방화대로34길 13 서울항공비즈니스고등학교 (방화동),02-2665-5900,7,7,8,0,0,22,67,35,103,28,123,27,0,0,0,0,293,90,50,27,40,20,10,7,4,1,44
서울시,강서구,세현고등학교,공립,일반고,남여공학,주간,http://sehyun.sen.hs.kr,075-31 ,서울특별시 강서구 허준로 227 . 세현고등학교 (가양동),02-3663-1495,7,7,8,0,3,25,146,86,147,86,182,104,0,0,5,0,480,276,58,38,51,33,7,5,5,4,43
서울시,강서구,수명고등학교,공립,일반고,남여공학,주간,http://sumyeong.sen.hs.kr,076-35 ,서울특별시 강서구 수명로2길 15 . 수명고등학교 (내발산동),02-2660-5500,7,7,8,0,3,25,157,93,175,98,184,100,0,0,13,2,529,293,54,36,46,33,8,3,6,4,39
서울시,강서구,영등포공업고등학교,사립,특성화고(직업),남자,주간,http://www.younggong.hs.kr,075-24 ,서울특별시 강서구 허준로5길 15 (가양동),02-2659-2981,8,7,5,0,0,20,118,0,115,0,85,0,0,0,0,0,318,0,53,21,34,12,19,9,6,2,58
서울시,강서구,영일고등학교,사립,일반고,남자,주간,http://youngil.sen.hs.kr,076-69 ,서울특별시 강서구 등촌로51가길 26 . 영일고등학교 (등촌동),02-2653-8134,11,12,12,0,0,35,259,0,307,0,284,0,0,0,0,0,850,0,73,19,62,10,11,9,6,1,51
서울시,강서구,한광고등학교,사립,일반고,남여공학,주간,http://hankwang.sen.hs.kr,077-32 ,서울특별시 강서구 등촌로13길 110 (화곡동),02-2644-7072,4,4,4,0,0,12,54,9,71,16,59,10,0,0,0,0,184,35,29,12,19,5,10,7,5,3,16
서울시,강서구,한서고등학교,사립,일반고,남여공학,주간,http://hanseo.sen.hs.kr,075-07 ,서울특별시 강서구 양천로11길 47 (방화동. 한서고등학교),02-2662-0021,9,9,9,0,0,27,195,112,209,114,218,126,0,0,0,0,622,352,58,27,43,19,15,8,6,2,47
서울시,강서구,화곡고등학교,사립,일반고,남자,주간,http://www.hwagok.sen.hs.kr,076-40 ,서울특별시 강서구 강서로45길 69 (내발산동),070-8277-2900,10,10,10,0,0,30,243,0,267,0,273,0,0,0,0,0,783,0,63,16,55,12,8,4,6,2,42
서울시,강서구,화곡보건경영고등학교,사립,특성화고(직업),여자,주간,http://www.hwagok-gii.hs.kr,076-38 ,서울특별시 강서구 강서로45길 70 (내발산동),070-8644-6500,5,7,8,0,0,20,93,93,126,126,148,148,0,0,0,0,367,367,46,29,38,21,8,8,5,2,31
서울시,구로구,경인고등학교,공립,일반고,남여공학,주간,http://kyeongin.sen.hs.kr,082-75 ,서울특별시 구로구 경인로46길 31 . 경인고등학교 (고척동),02-2618-3043,13,13,13,0,3,42,333,148,359,167,367,176,0,0,16,8,1075,499,91,71,83,65,8,6,7,4,67
서울시,구로구,고척고등학교,공립,일반고,남여공학,주간,http://gocheok.sen.hs.kr,082-39 ,서울특별시 구로구 중앙로15길 162 (고척동. 고척고등학교),02-2684-1593,9,9,9,0,3,30,228,94,245,109,253,114,0,0,13,3,739,320,70,49,59,42,11,7,6,2,43
서울시,구로구,구로고등학교,공립,일반고,남여공학,주간,http://guro.sen.hs.kr,082-99 ,서울특별시 구로구 가마산로27길 45 . 구로고등학교 (구로동),02-851-2064,11,11,11,0,0,33,297,134,295,141,310,151,0,0,0,0,902,426,79,58,66,48,13,10,4,4,47
서울시,구로구,구일고등학교,공립,일반고,남여공학,주간,http://guil.sen.hs.kr,083-24 ,서울특별시 구로구 구일로 90-51 (구로동),02-858-2549,9,10,10,0,0,29,220,114,245,127,261,138,0,0,0,0,726,379,73,51,62,43,11,8,6,4,44
서울시,구로구,구현고등학교,공립,일반고,남여공학,주간,http://guhyun.sen.hs.kr,082-17 ,서울특별시 구로구 경인로53가길 17 (구로동),02-2628-8916,9,9,9,0,0,27,228,98,240,135,218,124,0,0,0,0,686,357,65,51,56,45,9,6,5,3,52
서울시,구로구,덕일전자공업고등학교,사립,특성화고(직업),남여공학,주간,http://deogil.hs.kr,083-57 ,서울특별시 구로구 서해안로21길 5-12 (오류동),02-2613-2762,4,4,4,0,0,12,67,13,64,4,69,8,0,0,0,0,200,25,26,6,18,2,8,4,5,2,14
서울시,구로구,서서울생활과학고등학교,사립,특성화고(직업),남여공학,주간,http://ssls.hs.kr,082-48 ,서울특별시 구로구 오리로 1355-10 . 서서울생활과학고등학교 (궁동),02-2613-5272,12,13,13,0,0,38,266,141,286,148,297,153,0,0,0,0,849,442,79,53,64,39,15,14,6,3,97
서울시,구로구,서울공연예술고등학교,사립,특수목적고,남여공학,주간,http://sopa.hs.kr,082-49 ,서울특별시 구로구 오리로22나길 16-26 . 서울공연예술고등학교 (궁동),02-3281-9760,7,7,7,0,0,21,241,167,264,198,266,192,0,0,0,0,771,557,37,25,28,21,9,4,4,1,61
서울시,구로구,세종과학고등학교,공립,특수목적고,남여공학,주간,http://sjsh.sen.hs.kr,082-58 ,서울특별시 구로구 오리로21길 79 (궁동),02-6391-1906,8,8,7,0,0,23,163,37,150,30,94,24,0,0,0,0,407,91,84,60,72,50,12,10,7,2,53
서울시,구로구,신도림고등학교,공립,일반고,남여공학,주간,http://www.shindorim.hs.kr,082-00 ,서울특별시 구로구 경인로67길 159 (신도림동.신도림고등학교),02-2068-7979,8,8,8,0,3,27,180,75,176,92,194,95,0,0,17,6,567,268,60,40,55,36,5,4,4,3,43
서울시,구로구,예림디자인고등학교,사립,특성화고(직업),여자,주간,http://yerim.hs.kr,082-48 ,서울특별시 구로구 오리로21길 2 . 예림디자인고등학교 (궁동),02-2688-3515,6,6,6,0,0,18,128,128,144,144,141,141,0,0,0,0,413,413,38,29,26,19,12,10,5,4,25
서울시,구로구,오류고등학교,사립,일반고,여자,주간,http://oryu.hs.kr,082-48 ,서울특별시 구로구 오리로21길 2 (궁동. 오류고등학교),02-2684-2300,7,7,8,0,0,22,132,132,148,148,157,157,0,0,0,0,437,437,48,24,31,14,17,10,5,1,35
서울시,구로구,우신고등학교,사립,일반고,남자,주간,http://wooshin.hs.kr,082-58 ,서울특별시 구로구 부일로 917 . 우신고등학교 (궁동),02-2610-1518,9,9,9,0,0,27,239,0,235,0,232,0,0,0,0,0,706,0,60,20,43,10,17,10,6,2,42
서울시,구로구,유한공업고등학교,사립,특성화고(직업),남여공학,주간,http://www.yuhan.hs.kr,083-60 ,서울특별시 구로구 경인로 8 (항동. 유한공업고등학교),02-2610-0993,8,8,8,0,0,24,172,27,185,20,185,24,0,0,0,0,542,71,63,15,48,8,15,7,6,2,60
서울시,금천구,국립전통예술고등학교,국립,특수목적고,남여공학,주간,http://kugak-am.sen.hs.kr,086-50 ,서울특별시 금천구 시흥대로38길 62 (시흥동),02-6488-3652,6,6,6,0,0,18,181,142,177,137,168,122,0,0,0,0,526,401,46,32,42,28,4,4,7,3,67
서울시,금천구,금천고등학교,공립,일반고,남여공학,주간,http://keumcheon.sen.hs.kr,086-50 ,서울특별시 금천구 시흥대로38길 26 (시흥동.금천고등학교),02-896-3181,9,9,10,0,3,31,197,112,230,133,244,128,0,0,19,4,690,377,72,46,60,37,12,9,8,5,52
서울시,금천구,독산고등학교,공립,일반고,남여공학,주간,http://www.doksan.hs.kr,085-51 ,서울특별시 금천구 문성로 64 . 독산고등학교 (독산동),02-857-6248,8,8,8,0,3,27,162,83,185,98,184,97,0,0,23,6,554,284,60,44,51,37,9,7,5,3,40
서울시,금천구,동일여자고등학교,사립,일반고,여자,주간,http://dongilg.sen.hs.kr,086-56 ,서울특별시 금천구 탑골로10길 45 (시흥동. 동일여자고등학교),070-7703-8058,10,10,10,0,0,30,193,193,209,209,183,183,0,0,0,0,585,585,70,58,56,49,14,9,6,2,47
서울시,금천구,동일여자상업고등학교,사립,특성화고(직업),여자,주간,http://dongil.sen.hs.kr,086-56 ,서울특별시 금천구 탑골로10길 45 (시흥동. 동일여자상업고등학교),070-7703-8058,10,12,12,0,0,34,203,203,249,249,261,261,0,0,0,0,713,713,77,61,48,38,29,23,6,1,72
서울시,금천구,문일고등학교,사립,일반고,남자,주간,http://moonil.sen.hs.kr,086-34 ,서울특별시 금천구 시흥대로47길 45 (시흥동),02-802-2301,11,11,12,0,1,35,260,0,272,0,275,0,0,0,6,0,813,0,75,29,54,17,21,12,6,3,46
서울시,영등포구,관악고등학교,공립,일반고,남여공학,주간,http://kwan-ak.sen.hs.kr,072-78 ,서울특별시 영등포구 영등포로6길 26 (양평동2가),02-2633-5954,9,9,9,0,3,30,229,103,245,112,242,103,0,0,9,2,725,320,68,50,58,41,10,9,5,4,48
서울시,영등포구,대영고등학교,공립,일반고,남여공학,주간,http://dy.sen.hs.kr,073-97 ,서울특별시 영등포구 도림로86길 16 (신길동. 대영고등학교),02-847-2019,9,9,9,0,2,29,242,110,246,107,243,98,0,0,10,1,741,316,67,45,60,38,7,7,6,4,62
서울시,영등포구,선유고등학교,공립,일반고,남여공학,주간,http://www.seonyoo.hs.kr,072-09 ,서울특별시 영등포구 선유로 227 . 선유고등학교 (양평동4가),02-2069-0039,7,7,8,0,3,25,171,75,187,80,206,101,0,0,12,6,576,262,56,42,51,37,5,5,6,4,47
서울시,영등포구,여의도고등학교,공립,일반고,남자,주간,http://yeouido.sen.hs.kr,073-38 ,서울특별시 영등포구 국제금융로7길 37 . 여의도고등학교 (여의도동),070-8661-3104,10,10,10,0,3,33,237,0,252,0,252,0,0,0,9,0,750,0,76,53,64,45,12,8,5,4,54
서울시,영등포구,여의도여자고등학교,공립,일반고,여자,주간,http://yeouido-gh.sen.hs.kr,073-41 ,서울특별시 영등포구 국제금융로7가길 13 . 여의도여자고등학교 (여의도동),02-3780-4400,8,9,8,0,1,26,180,180,204,204,210,210,0,0,3,3,597,597,61,45,55,41,6,4,8,4,33
서울시,영등포구,영등포여자고등학교,공립,일반고,여자,주간,http://ydpg.sen.hs.kr,073-10 ,서울특별시 영등포구 영등포로62길 13 . 영등포여자고등학교  (신길동)184-3,02-843-0479,7,7,8,0,3,25,134,134,136,136,136,136,0,0,10,10,416,416,62,53,52,44,10,9,6,4,41
서울시,영등포구,영신고등학교,공립,일반고,남여공학,주간,http://youngsin.sen.hs.kr,074-36 ,서울특별시 영등포구 대방천로14길 18 (신길동. 영신고등학교),070-4018-7208,8,8,9,0,3,28,189,83,198,90,207,82,0,0,21,3,615,258,62,47,54,39,8,8,4,3,45
서울시,영등포구,장훈고등학교,사립,자율고,남자,주간,http://www.janghoon.hs.kr,073-16 ,서울특별시 영등포구 영등포로64길 26 . 장훈고등학교 (신길동),02-842-6921,6,8,9,0,0,23,175,0,245,0,277,0,0,0,0,0,697,0,45,16,34,11,11,5,5,0,39
서울시,영등포구,한강미디어고등학교,공립,특성화고(직업),남여공학,주간,http://hangang-ech.sen.hs.kr,072-06 ,서울특별시 영등포구 선유로55길 22 (양평동4가.한강미디어고등학교),02-2671-1448,8,8,8,0,0,24,177,73,186,83,200,94,0,0,0,0,563,250,66,46,45,29,21,17,7,4,54
서울시,동작구,경문고등학교,사립,일반고,남자,주간,http://kyungmoon.hs.kr/,069-95 ,서울특별시 동작구 동작대로 171 . 경문고등학교 (동작동),02-3479-3601,8,8,6,0,0,22,206,0,219,0,151,0,0,0,0,0,576,0,52,14,37,4,15,10,5,0,39
서울시,동작구,동작고등학교,공립,일반고,남여공학,주간,http://dongjak.sen.hs.kr,070-31 ,서울특별시 동작구 솔밭로 51 (사당동. 동작고등학교),02-588-4197,9,9,9,0,3,30,212,135,232,125,250,137,0,0,13,7,707,404,64,50,60,48,4,2,6,4,49
서울시,동작구,서울공업고등학교,공립,특성화고(직업),남여공학,주간,http://seoul-th.sen.hs.kr,069-55 ,서울특별시 동작구 대방동1길 46 . 서울공업고등학교 (대방동),02-2025-6700,18,19,19,0,3,59,361,58,437,64,471,66,0,0,17,0,1286,188,159,72,136,58,23,14,11,4,168
서울시,동작구,성남고등학교,사립,일반고,남자,주간,http://www.sungnam.hs.kr,069-46 ,서울특별시 동작구 대방동길 74 (대방동),02-815-1334,12,12,12,0,0,36,317,0,348,0,356,0,0,0,0,0,1021,0,80,33,55,17,25,16,7,1,61
서울시,동작구,수도여자고등학교,공립,일반고,여자,주간,http://sudogh.sen.hs.kr,070-62 ,서울특별시 동작구 여의대방로10길 73 . 수도여자고등학교 (신대방동),02-2102-3506,10,10,10,0,3,33,268,268,284,284,288,288,0,0,18,18,858,858,75,59,64,52,11,7,7,3,50
서울시,동작구,숭의여자고등학교,사립,일반고,여자,주간,http://www.soongeui.hs.kr,069-44 ,서울특별시 동작구 여의대방로36길 79 . 숭의여자고등학교 (대방동),02-810-7800,9,9,9,0,0,27,242,242,263,263,260,260,0,0,0,0,765,765,62,36,47,23,15,13,6,3,45
서울시,동작구,영등포고등학교,공립,일반고,남자,주간,http://ydp.sen.hs.kr,069-33 ,서울특별시 동작구 등용로8길 5 (대방동. 영등포고등학교),02-816-8323,8,8,8,0,3,27,170,0,185,0,183,0,0,0,9,0,547,0,59,30,57,28,2,2,6,2,40
서울시,관악구,광신고등학교,사립,일반고,남여공학,주간,http://kwangshin.sen.hs.kr/,088-47 ,서울특별시 관악구 광신길 141 (신림동.광신중고등학교),02-881-8511,8,8,9,0,0,25,164,87,172,92,185,107,0,0,0,0,521,286,56,22,43,13,13,9,5,1,37
서울시,관악구,광신방송예술고등학교,사립,특성화고(직업),남여공학,주간,http://ksmedia.sen.hs.kr,088-47 ,서울특별시 관악구 광신길 141 (신림동. 광신방송예술고등학교),02-881-8500,6,6,6,0,0,18,119,74,122,67,92,39,0,0,0,0,333,180,41,25,22,11,19,14,5,1,27
서울시,관악구,구암고등학교,공립,일반고,남여공학,주간,http://guahm.sen.hs.kr,087-23 ,서울특별시 관악구 성현로 57 (봉천동.구암고등학교),02-879-9813,7,7,8,0,3,25,183,106,198,86,200,89,0,0,19,3,600,284,59,44,53,38,6,6,6,3,50
서울시,관악구,남강고등학교,사립,일반고,남자,주간,http://namkang.sen.hs.kr,088-54 ,서울특별시 관악구 난곡로34길 80 (신림동.남강중고등학교),02-839-1715,10,10,10,0,0,30,205,0,220,0,226,0,0,0,0,0,651,0,66,25,44,11,22,14,7,2,38
서울시,관악구,당곡고등학교,공립,일반고,남여공학,주간,http://danggok.sen.hs.kr,087-12 ,서울특별시 관악구 봉천로21길 108 . 당곡고등학교 (봉천동),02-6717-5200,9,9,9,0,0,27,230,129,249,138,254,148,0,0,0,0,733,415,64,46,58,41,6,5,7,4,48
서울시,관악구,미림여자고등학교,사립,일반고,여자,주간,http://www.mirim.hs.kr,088-21 ,서울특별시 관악구 호암로 546 .  미림여자고등학교 (신림동),02-886-1814,7,7,8,0,0,22,154,154,180,180,160,160,0,0,0,0,494,494,54,26,40,15,14,11,4,3,37
서울시,관악구,미림여자정보과학고등학교,사립,특수목적고,여자,주간,http://www.e-mirim.hs.kr,088-21 ,서울특별시 관악구 호암로 546 (신림동),070-5099-8355,6,6,6,0,0,18,99,99,113,113,106,106,0,0,0,0,318,318,46,16,42,13,4,3,6,3,27
서울시,관악구,삼성고등학교,공립,일반고,남여공학,주간,http://samsung.sen.hs.kr,088-15 ,서울특별시 관악구 신림로 41 (신림동),02-871-7582,6,6,6,0,3,21,122,61,131,65,134,69,0,0,13,5,400,200,48,38,44,34,4,4,7,3,46
서울시,관악구,서울관광고등학교,사립,특성화고(직업),남여공학,주간,http://seoul-tour.sen.hs.kr,087-14 ,서울특별시 관악구 은천로15길 25 (봉천동.서울관광고등학교),02-886-9165,8,9,9,0,0,26,161,90,209,121,214,124,0,0,0,0,584,335,58,32,41,21,17,11,5,2,52
서울시,관악구,서울문영여자고등학교,사립,일반고,여자,주간,http://moonyoung.sen.hs.kr,088-33 ,서울특별시 관악구 관악로 85 . 서울문영여자고등학교 (봉천동),02-873-3624,9,9,9,0,0,27,194,194,200,200,207,207,0,0,0,0,601,601,62,38,38,17,24,21,6,3,40
서울시,관악구,서울미술고등학교,사립,일반고,남여공학,주간,http://www.seoul-art.or.kr,088-02 ,서울특별시 관악구 남부순환로247길 26 (봉천동.서울미술고등학교),02-872-2111,5,5,5,0,0,15,180,146,178,150,189,164,0,0,0,0,547,460,36,28,20,14,16,14,5,0,41
서울시,관악구,서울여자상업고등학교,사립,특성화고(직업),여자,주간,http://sys.sen.hs.kr,088-33 ,서울특별시 관악구 관악로 85 (봉천동.서울여자상업고등학교),02-873-3613,10,10,10,0,0,30,199,199,226,226,241,241,0,0,0,0,666,666,66,33,51,22,15,11,7,3,50
서울시,관악구,성보고등학교,사립,일반고,남자,주간,http://sungbo.sen.hs.kr,087-73 ,서울특별시 관악구 남부순환로156길 39 (신림동.성보고등학교),02-862-8409,8,8,9,0,0,25,193,0,208,0,243,0,0,0,0,0,644,0,54,16,39,8,15,8,6,1,51
서울시,관악구,신림고등학교,공립,일반고,남여공학,주간,http://sillim.sen.hs.kr,087-72 ,서울특별시 관악구 문성로 119 . 신림고등학교 (신림동),02-6219-8300,6,6,7,0,3,22,156,105,143,77,169,102,0,0,21,6,489,290,56,44,42,32,14,12,5,4,37
서울시,관악구,영락고등학교,사립,일반고,남여공학,주간,http://www.yrgo.kr,088-31 ,서울특별시 관악구 청룡16길 25 . 영락고등학교 (봉천동),02-884-1003,7,7,7,0,0,21,155,87,157,82,150,84,0,0,0,0,462,253,49,29,33,19,16,10,5,3,38
서울시,관악구,영락의료과학고등학교,사립,특성화고(직업),남여공학,주간,http://youngnak-c.hs.kr,088-31 ,서울특별시 관악구 청룡16길 25 . 영락의료과학고등학교,02-884-1882,6,6,6,0,0,18,127,60,109,43,105,57,0,0,0,0,341,160,43,29,25,16,18,13,5,2,37
서울시,관악구,인헌고등학교,공립,일반고,남여공학,주간,http://www.inhun.hs.kr,087-96 ,서울특별시 관악구 인헌9길 74 (봉천동.인헌고등학교),02-886-6253,7,7,8,0,0,22,133,74,154,87,174,91,0,0,0,0,461,252,51,35,45,29,6,6,6,4,43
서울시,서초구,동덕여자고등학교,사립,일반고,여자,주간,http://dongduk.sen.hs.kr,067-00 ,서울특별시 서초구 효령로2길 123-5 . 동덕여자고등학교 (방배동),02-586-5418,13,13,13,0,0,39,290,290,338,338,328,328,0,0,0,0,956,956,81,51,57,31,24,20,7,1,54
서울시,서초구,반포고등학교,공립,일반고,남여공학,주간,http://banpo.sen.hs.kr,065-98 ,서울특별시 서초구 고무래로 71 (반포동.반포고등학교),02-258-4300,10,10,10,0,2,32,239,122,241,131,280,148,0,0,6,3,766,404,79,67,62,52,17,15,6,4,45
서울시,서초구,상문고등학교,사립,일반고,남자,주간,http://sangmoon.sen.hs.kr,067-07 ,서울특별시 서초구 명달로 45 (방배동.상문고등학교),02-586-3141,14,14,14,0,0,42,377,0,386,0,388,0,0,0,0,0,1151,0,92,39,57,19,35,20,5,1,62
서울시,서초구,서문여자고등학교,사립,일반고,여자,주간,http://suhmoon.sen.hs.kr,065-65 ,서울특별시 서초구 동광로12길 84 . 서문여자고등학교 (방배동. 서문여자중고등학교),02-591-4581,12,12,13,0,0,37,288,288,303,303,296,296,0,0,0,0,887,887,81,39,63,31,18,8,6,1,55
서울시,서초구,서울고등학교,공립,일반고,남자,주간,http://seoul.sen.hs.kr,066-69 ,서울특별시 서초구 효령로 197 (서초동.서울고등학교),02-582-8151,14,14,14,0,3,45,401,0,409,0,427,0,0,0,15,0,1252,0,103,72,81,58,22,14,6,3,80
서울시,서초구,서울전자고등학교,공립,특성화고(직업),남여공학,주간,http://e-seoul.hs.kr,067-61 ,서울특별시 서초구 과천대로 852-23 (방배동),02-6011-4100,5,6,5,0,0,16,55,11,60,7,69,12,0,0,0,0,184,30,50,37,39,30,11,7,7,2,65
서울시,서초구,서초고등학교,공립,일반고,남여공학,주간,http://www.seocho.hs.kr,066-56 ,서울특별시 서초구 반포대로27길 29 (서초동),02-584-4234,10,11,11,0,2,34,250,125,299,162,289,148,0,0,8,3,846,438,83,66,68,54,15,12,5,2,43
서울시,서초구,세화고등학교,사립,자율고,남자,주간,http://www.se-hwa.hs.kr,065-48 ,서울특별시 서초구 신반포로 56-7 (반포동),02-594-4886,12,11,11,0,0,34,347,0,352,0,344,0,0,0,0,0,1043,0,80,34,61,16,19,18,5,1,41
서울시,서초구,세화여자고등학교,사립,자율고,여자,주간,http://www.sehwa-gs.hs.kr,065-48 ,서울특별시 서초구 신반포로 56-7 (반포동. 세화여자고등학교),02-594-4886,12,12,12,0,0,36,350,350,343,343,331,331,0,0,0,0,1024,1024,78,39,60,27,18,12,5,2,45
서울시,서초구,양재고등학교,공립,일반고,남여공학,주간,http://yangjae.sen.hs.kr,067-50 ,서울특별시 서초구 남부순환로346길 9 (서초동.양재고등학교),02-571-4459,11,11,11,0,0,33,268,120,302,134,270,123,0,0,0,0,840,377,79,62,65,49,14,13,6,3,55
서울시,서초구,언남고등학교,공립,일반고,남여공학,주간,http://eonnam.sen.hs.kr,067-80 ,서울 서초구 동산로13길 35. 언남고등학교 (양재동.언남고등학교),02-575-2680,9,9,10,0,3,31,197,101,199,99,172,87,0,0,16,6,584,293,76,64,61,52,15,12,7,4,43
서울시,강남구,개포고등학교,공립,일반고,남여공학,주간,http://gaepo.sen.hs.kr,063-24 ,서울특별시 강남구 개포로 402 (개포동. 개포고등학교),02-576-3333,9,9,10,0,1,29,216,116,227,120,197,102,0,0,2,0,642,338,74,57,57,43,17,14,6,4,48
서울시,강남구,경기고등학교,공립,일반고,남자,주간,http://kyunggi.sen.hs.kr,060-86 ,서울특별시 강남구 영동대로 643 . 경기고등학교 (삼성동),02-3496-7300,14,14,14,0,3,45,337,0,373,0,373,0,0,0,18,0,1101,0,108,69,87,55,21,14,8,3,62
서울시,강남구,경기여자고등학교,공립,일반고,여자,주간,http://kgg.sen.hs.kr,063-24 ,서울특별시 강남구 삼성로 29 . 경기여자고등학교 (개포동),02-573-6797,13,13,13,0,3,42,343,343,355,355,380,380,0,0,17,17,1095,1095,101,81,81,63,20,18,7,4,64
서울시,강남구,국립국악고등학교,국립,특수목적고,남여공학,주간,http://gugak.sen.hs.kr,063-11 ,서울특별시 강남구 개포로22길 65 . (개포동. 국립국악고등학교),02-3460-0500,5,5,5,0,0,15,149,117,143,125,146,124,0,0,0,0,438,366,45,41,42,38,3,3,16,5,52
서울시,강남구,단국대학교부속소프트웨어고등학교,사립,특성화고(직업),남자,주간,http://dankook.sen.hs.kr,062-78 ,서울특별시 강남구 도곡로64길 21 (대치동 1013),02-2116-0115,5,5,5,0,0,15,110,0,103,0,55,0,0,0,0,0,268,0,34,14,16,3,18,11,6,0,29
서울시,강남구,단국대학교사범대학부속고등학교,사립,일반고,남자,주간,http://dan-kook.sen.hs.kr,062-78 ,서울특별시 강남구 도곡로64길 21 . 단대부고  (대치동),02-2191-2604,13,13,13,0,0,39,344,0,379,0,389,0,0,0,0,0,1112,0,81,35,41,8,40,27,5,1,62
서울시,강남구,대진디자인고등학교,사립,특성화고(직업),남여공학,주간,http://daejindesign.sen.hs.kr,063-52 ,서울특별시 강남구 광평로39길 93 (수서동.대진디자인고등학교),02-2226-8418,9,9,9,0,0,27,196,96,201,101,211,96,0,0,0,0,608,293,69,33,54,21,15,12,7,2,54
서울시,강남구,서울로봇고등학교,공립,특수목적고,남여공학,주간,http://www.seoulrobot.hs.kr/,063-63 ,서울특별시 강남구 광평로20길 63 . 서울로봇고등학교 (일원동),02-2226-2141,8,8,8,0,0,24,159,5,155,14,149,6,0,0,0,0,463,25,75,42,72,40,3,2,7,5,63
서울시,강남구,서울세종고등학교,사립,일반고,남여공학,주간,http://www.seoulsejong.hs.kr/,063-48 ,서울특별시 강남구 광평로51길 36 서울세종고등학교 (수서동),070-8668-3119,8,8,9,0,0,25,173,97,185,118,200,116,0,0,0,0,558,331,58,36,33,17,25,19,5,2,37
서울시,강남구,수도전기공업고등학교,사립,특수목적고,남여공학,주간,http://www.sudo.hs.kr,063-24 ,서울특별시 강남구 개포로 410 . 수도전기공업고등학교 (개포동),02-579-7394,10,10,10,0,0,30,206,35,195,30,194,33,0,0,0,0,595,98,92,28,68,19,24,9,9,4,70
서울시,강남구,숙명여자고등학교,사립,일반고,여자,주간,http://www.sookmyung.hs.kr,062-77 ,서울특별시 강남구 남부순환로 2807 . 숙명여자고등학교 (도곡동),02-3462-5011,14,14,14,0,0,42,364,364,384,384,387,387,0,0,0,0,1135,1135,90,53,63,32,27,21,7,2,64
서울시,강남구,압구정고등학교,공립,일반고,남여공학,주간,http://apgujeong.sen.hs.kr,060-03 ,서울특별시 강남구 압구정로39길 20 . 압구정고등학교 (압구정동),02-549-0214,9,9,10,0,0,28,179,120,200,128,197,117,0,0,0,0,576,365,74,61,55,43,19,18,8,5,41
서울시,강남구,영동고등학교,사립,일반고,남자,주간,http://www.yd.hs.kr,060-65 ,서울특별시 강남구 선릉로 742 (청담동. 영동고등학교),02-542-5071,12,12,13,0,0,37,268,0,315,0,283,0,0,0,0,0,866,0,75,34,39,11,36,23,3,2,73
서울시,강남구,은광여자고등학교,사립,일반고,여자,주간,http://eunkwang.sen.hs.kr,062-64 ,서울특별시 강남구 남부순환로359길 36 (도곡동),02-3462-2005,9,10,10,0,0,29,225,225,266,266,233,233,0,0,0,0,724,724,63,46,36,24,27,22,6,2,47
서울시,강남구,중동고등학교,사립,자율고,남자,주간,http://www.joongdong.hs.kr,063-38 ,서울특별시 강남구 일원로 7 . 중동고등학교 (일원동),02-2040-2590,12,12,12,0,0,36,362,0,365,0,360,0,0,0,0,0,1087,0,81,30,61,16,20,14,8,1,47
서울시,강남구,중산고등학교,사립,일반고,남자,주간,http://www.jungsan.hs.kr,063-50 ,서울특별시 강남구 일원로14길 22 . 중산고등학교 (일원동),02-2226-2161,12,12,12,0,0,36,280,0,317,0,324,0,0,0,0,0,921,0,75,15,57,4,18,11,6,2,59
서울시,강남구,중앙대학교사범대학부속고등학교,사립,일반고,남여공학,주간,http://cau.sen.hs.kr,062-77 ,서울특별시 강남구 선릉로 207 . 중앙대학교사범대학부속고등학교 (도곡동),02-579-4005,12,12,12,0,0,36,311,182,331,193,319,189,0,0,0,0,961,564,81,42,59,24,22,18,6,1,52
서울시,강남구,진선여자고등학교,사립,일반고,여자,주간,http://jinseon.sen.hs.kr,062-13 ,서울특별시 강남구 선릉로85길 27 (진선여자고등학교.역삼동),02-2148-0407,11,11,11,0,0,33,286,286,308,308,307,307,0,0,0,0,901,901,73,45,58,33,15,12,6,1,49
서울시,강남구,청담고등학교,공립,일반고,남여공학,주간,http://chungdam.sen.hs.kr,060-09 ,서울특별시 강남구 압구정로 419 . 청담고등학교 (압구정동),02-3496-8203,9,9,10,0,3,31,167,96,164,95,160,98,0,0,16,10,507,299,76,63,60,49,16,14,5,3,48
서울시,강남구,풍문고등학교,사립,일반고,남여공학,주간,http://poongmoon.hs.kr,063-73 ,서울특별시 강남구 자곡로 152 (자곡동),02-3451-8812,11,11,12,0,0,34,253,151,262,159,290,179,0,0,0,0,805,489,72,43,52,30,20,13,7,3,52
서울시,강남구,현대고등학교,사립,자율고,남여공학,주간,http://hyundai.hs.kr,060-00 ,서울특별시 강남구 압구정로 127 (압구정동),02-546-6323,12,12,12,0,0,36,348,212,342,219,352,204,0,0,0,0,1042,635,82,42,55,19,27,23,5,2,54
서울시,강남구,휘문고등학교,사립,자율고,남자,주간,http://whimoon.hs.kr/,061-83 ,서울특별시 강남구 역삼로 541 (대치동),02-500-9500,12,12,12,0,0,36,405,0,397,0,401,0,0,0,0,0,1203,0,74,24,53,9,21,15,4,1,48
서울시,송파구,가락고등학교,공립,일반고,남여공학,주간,http://garak.sen.hs.kr,056-78 ,서울특별시 송파구 송이로 42 (송파동.가락고등학교),02-2152-0102,10,11,11,0,0,32,250,153,282,153,290,165,0,0,0,0,822,471,76,59,62,47,14,12,6,3,45
서울시,송파구,문정고등학교,공립,일반고,남여공학,주간,http://mj.sen.hs.kr,058-09 ,서울특별시 송파구 송이로34길 62 (문정동.문정고등학교),02-406-0061,9,9,9,0,3,30,233,110,244,112,250,122,0,0,13,5,740,349,62,42,59,41,3,1,6,5,55
서울시,송파구,문현고등학교,공립,일반고,남여공학,주간,http://www.munhyeon.hs.kr/,058-11 ,서울특별시 송파구 충민로 115 (장지동),02-6951-8704,8,8,8,0,3,27,189,100,212,104,225,121,0,0,21,6,647,331,57,39,55,37,2,2,4,3,34
서울시,송파구,방산고등학교,공립,일반고,남여공학,주간,http://bangsan.sen.hs.kr,056-45 ,서울특별시 송파구 오금로27길 18 (방이동),02-6420-1100,10,10,11,0,3,34,260,137,272,140,278,139,0,0,11,5,821,421,78,64,68,56,10,8,7,4,54
서울시,송파구,배명고등학교,사립,일반고,남자,주간,http://www.bm.hs.kr,055-98 ,서울특별시 송파구 삼학사로 11 (삼전동),02-414-5820,11,11,11,0,0,33,272,0,294,0,297,0,0,0,0,0,863,0,72,34,54,19,18,15,6,2,75
서울시,송파구,보성고등학교,사립,일반고,남자,주간,http://www.posung.hs.kr,056-49 ,서울특별시 송파구 양재대로 1278 (방이동.보성중고등학교),02-2152-2552,11,11,11,0,0,33,275,0,303,0,320,0,0,0,0,0,898,0,70,11,63,5,7,6,5,1,51
서울시,송파구,보인고등학교,사립,자율고,남자,주간,http://www.boin.hs.kr,057-42 ,서울특별시 송파구 오금로49길 18 . 보인고등학교 (오금동),02-2043-6021,12,12,12,0,0,36,376,0,364,0,348,0,0,0,0,0,1088,0,71,23,43,5,28,18,5,2,53
서울시,송파구,서울체육고등학교,공립,특수목적고,남여공학,주간,http://seoul-ph.sen.hs.kr,055-41 ,서울특별시 송파구 강동대로 232 . 서울체육고등학교 (방이동),02-2140-9801,4,4,4,0,0,12,134,48,124,49,135,49,0,0,0,0,393,146,46,22,42,20,4,2,16,4,15
서울시,송파구,송파공업고등학교,공립,특성화고(직업),남여공학,주간,http://www.songpa-th.hs.kr,057-71 ,서울특별시 송파구 양산로 21 (거여동),02-6711-0508,8,8,8,0,3,27,120,19,138,14,158,17,0,0,15,2,431,52,74,35,65,32,9,3,7,4,37
서울시,송파구,영동일고등학교,사립,일반고,남여공학,주간,http://ydi.sen.hs.kr,055-55 ,서울특별시 송파구 석촌호수로 93 . 영동일고등학교 (잠실동),02-6941-2607,12,12,12,0,0,36,297,154,322,163,341,174,0,0,0,0,960,491,78,38,48,22,30,16,6,1,50
서울시,송파구,영파여자고등학교,사립,일반고,여자,주간,http://youngpa.sen.hs.kr,055-29 ,서울특별시 송파구 올림픽로 565 . 영파여자고등학교 (풍납동.영파여자고등학교),02-483-8881,12,12,12,0,0,36,266,266,285,285,292,292,0,0,0,0,843,843,72,48,49,28,23,20,5,3,59
서울시,송파구,오금고등학교,공립,일반고,남여공학,주간,http://ogeum.sen.hs.kr,056-60 ,서울특별시 송파구 중대로 247 (오금동),02-406-0592,10,10,11,0,0,31,266,141,283,144,313,177,0,0,0,0,862,462,71,50,68,47,3,3,4,3,48
서울시,송파구,일신여자상업고등학교,사립,특성화고(직업),여자,주간,http://ilshin.sen.hs.kr,056-76 ,서울특별시 송파구 송파대로38길 8 (송파동.일신여자상업고등학교),02-2140-8222,11,12,13,0,0,36,210,210,236,236,276,276,0,0,0,0,722,722,75,28,50,14,25,14,6,2,49
서울시,송파구,잠신고등학교,공립,일반고,남여공학,주간,http://jamsin.sen.hs.kr,055-02 ,서울특별시 송파구 잠실로 24 . 잠신고등학교 (잠실동),02-417-8771,10,10,11,0,3,34,225,105,246,110,234,107,0,0,8,3,713,325,78,60,61,48,17,12,7,6,59
서울시,송파구,잠실고등학교,공립,일반고,남자,주간,http://www.jamsil.hs.kr,055-07 ,서울특별시 송파구 올림픽로33길 71 . 잠실고등학교 (신천동),02-2141-3706,9,9,10,0,0,28,201,0,226,0,200,0,0,0,0,0,627,0,72,55,55,41,17,14,5,3,51
서울시,송파구,잠실여자고등학교,사립,일반고,여자,주간,http://www.jamsilg.hs.kr,056-76 ,서울특별시 송파구 송파대로38길 8 (송파동) 잠실여자고등학교,02-2140-8022,13,13,13,0,0,39,279,279,331,331,303,303,0,0,0,0,913,913,80,31,57,17,23,14,6,0,58
서울시,송파구,잠일고등학교,공립,일반고,남여공학,주간,http://www.jamil.hs.kr,055-01 ,서울특별시 송파구 백제고분로 21 (잠실동),02-2141-2000,7,7,7,0,2,23,135,76,145,81,113,54,0,0,4,1,397,212,54,44,46,37,8,7,5,2,38
서울시,송파구,정신여자고등학교,사립,일반고,여자,주간,http://chungshin.sen.hs.kr,055-71 ,서울특별시 송파구 올림픽로4길 16 . 정신여자고등학교 (잠실동),02-423-2775,12,12,12,0,0,36,298,298,332,332,356,356,0,0,0,0,986,986,79,55,51,32,28,23,8,2,64
서울시,송파구,창덕여자고등학교,공립,일반고,여자,주간,http://changduk.sen.hs.kr,056-49 ,서울특별시 송파구 양재대로 1240 . 창덕여자고등학교 (방이동),02-401-4924,10,10,10,0,2,32,151,151,157,157,144,144,0,0,5,5,457,457,76,57,63,46,13,11,6,2,45
서울시,강동구,강동고등학교,사립,일반고,남여공학,주간,http://kangdong.hs.kr,052-79 ,서울특별시 강동구 구천면로 572 (상일동),02-427-0233,8,8,8,0,0,24,190,86,206,97,208,91,0,0,0,0,604,274,53,24,36,12,17,12,5,2,35
서울시,강동구,강일고등학교,공립,일반고,남여공학,주간,http://gang-il.sen.hs.kr,052-13 ,서울특별시 강동구 아리수로98길 40 (강일동),02-428-6200,8,8,8,0,3,27,166,83,178,89,171,67,0,0,15,4,530,243,56,41,52,38,4,3,5,2,41
서울시,강동구,광문고등학교,사립,일반고,남여공학,주간,http://www.gwangmun.com,052-25 ,서울특별시 강동구 동남로 968 광문고등학교 (고덕동),02-427-2872,13,13,13,0,0,39,337,124,346,135,345,144,0,0,0,0,1028,403,83,40,66,27,17,13,6,3,49
서울시,강동구,동북고등학교,사립,일반고,남자,주간,http://dongbuk.sen.hs.kr,054-12 ,서울특별시 강동구 강동대로 305 (둔촌동),02-477-2280,13,14,14,0,0,41,323,0,369,0,332,0,0,0,0,0,1024,0,90,35,70,19,20,16,6,0,58
서울시,강동구,둔촌고등학교,공립,일반고,남여공학,주간,http://www.doonchon.hs.kr,053-67 ,서울특별시 강동구 명일로 140 (둔촌동.둔촌고등학교),02-485-9873,9,9,10,0,3,31,191,81,224,94,245,88,0,0,13,5,673,268,67,48,62,43,5,5,6,2,54
서울시,강동구,명일여자고등학교,공립,일반고,여자,주간,http://myungil.sen.hs.kr,052-68 ,서울특별시 강동구 명일로 350 (명일동.명일여자고등학교),02-481-8192,9,9,9,0,3,30,177,177,170,170,173,173,0,0,7,7,527,527,66,46,60,40,6,6,6,2,53
서울시,강동구,배재고등학교,사립,자율고,남자,주간,http://www.paichai.hs.kr,052-34 ,서울특별시 강동구 고덕로 227 (고덕동.배재중 고등학교),02-428-1885,12,12,12,0,0,36,406,0,407,0,406,0,0,0,0,0,1219,0,76,27,53,12,23,15,9,2,46
서울시,강동구,상일미디어고등학교,사립,특성화고(직업),남여공학,주간,http://www.sangilmedia.hs.kr,052-82 ,서울특별시 강동구 천호대로219길 61 . 상일미디어고등학교 (상일동),02-428-0733,11,11,11,0,0,33,233,96,237,119,272,139,0,0,0,0,742,354,72,27,57,19,15,8,7,2,62
서울시,강동구,상일여자고등학교,사립,일반고,여자,주간,http://sangil.hs.kr,052-82 ,서울특별시 강동구 천호대로219길 61 . 상일여자고등학교 (상일동),02-428-0435,11,11,12,0,0,34,222,222,211,211,184,184,0,0,0,0,617,617,70,40,53,24,17,16,6,2,55
서울시,강동구,서울컨벤션고등학교,사립,특성화고(직업),남여공학,주간,http://www.seoul-chs.hs.kr,052-25 ,서울특별시 강동구 동남로 964 . 서울컨벤션고등학교 (고덕동),02-3427-7400,10,10,10,0,0,30,222,107,235,116,256,123,0,0,0,0,713,346,66,38,50,26,16,12,6,3,44
서울시,강동구,선사고등학교,공립,일반고,남여공학,주간,http://sunsa.sen.hs.kr,052-37 ,서울특별시 강동구 고덕로25길 17 . 선사고등학교 (암사동),02-426-1749,8,8,8,0,3,27,177,82,193,94,185,95,0,0,19,3,574,274,58,46,53,41,5,5,6,3,42
서울시,강동구,성덕고등학교,사립,일반고,남여공학,주간,http://ssd.hs.kr,053-06 ,서울특별시 강동구 구천면로 396 (천호동. 성덕고등학교),02-475-4620,8,8,8,0,0,24,212,101,220,112,238,119,0,0,0,0,670,332,55,34,29,17,26,17,4,2,49
서울시,강동구,한영고등학교,사립,일반고,남여공학,주간,http://hanyoung.hs.kr,052-79 ,서울특별시 강동구 동남로 832 (상일동. 한영고등학교),02-6954-1227,13,13,14,0,0,40,343,148,360,165,410,169,0,0,0,0,1113,482,85,36,70,27,15,9,6,1,57
서울시,강동구,한영외국어고등학교,사립,특수목적고,남여공학,주간,http://www.hyfl.hs.kr,052-79 ,서울특별시 강동구 동남로 832 (상일동),02-6954-1227,10,10,10,0,0,30,222,171,232,186,213,168,0,0,0,0,667,525,65,37,46,23,19,14,4,2,53
* 학교: 휴교 포함(폐교는 제외),,,,,,,,,,,,,,,,,,,,,,,,,,,,,,,,,,,,,
"* 교원수: 재직, 휴직, 파견 포함. 기간제는 4. 1.현재 재직 중 교원 모두 포함",,,,,,,,,,,,,,,,,,,,,,,,,,,,,,,,,,,,,
"* 교실수: 실용도별 현황의 교수학습공간-일반교실, 특별교실, 수준별교실, 교과교실 4가지 합산",,,,,,,,,,,,,,,,,,,,,,,,,,,,,,,,,,,,,
* 2021년부터 학급수 조사기준 변경으로 학급수는 편성학급 기준,,,,,,,,,,,,,,,,,,,,,,,,,,,,,,,,,,,,,
